domain,seed_category,canonical_url,verification_status
100r.co,Personal/independent sites,https://100r.co,VERIFIED_REAL_CURATED
3m.com,Long-running companies,https://3m.com,VERIFIED_REAL_CURATED
456bereastreet.com,Personal/independent sites,https://456bereastreet.com,VERIFIED_REAL_CURATED
68k.news,Personal/independent sites,https://68k.news,VERIFIED_REAL_CURATED
7-zip.org,Open-source/project sites,https://7-zip.org,VERIFIED_REAL_CURATED
aaronsw.com,Personal/independent sites,https://aaronsw.com,VERIFIED_REAL_CURATED
abbott.com,Long-running companies,https://abbott.com,VERIFIED_REAL_CURATED
abdn.ac.uk,Universities,https://abdn.ac.uk,VERIFIED_REAL_CURATED
abertay.ac.uk,Universities,https://abertay.ac.uk,VERIFIED_REAL_CURATED
acm.org,Nonprofits,https://acm.org,VERIFIED_REAL_CURATED
activision.com,Long-running companies,https://activision.com,VERIFIED_REAL_CURATED
adactio.com,Personal/independent sites,https://adactio.com,VERIFIED_REAL_CURATED
adelphi.edu,Universities,https://adelphi.edu,VERIFIED_REAL_CURATED
admin.ch,Government,https://admin.ch,VERIFIED_REAL_CURATED
airbus.com,Long-running companies,https://airbus.com,VERIFIED_REAL_CURATED
alabama.gov,Government,https://alabama.gov,VERIFIED_REAL_CURATED
alaska.gov,Government,https://alaska.gov,VERIFIED_REAL_CURATED
albany.edu,Universities,https://albany.edu,VERIFIED_REAL_CURATED
alistapart.com,Personal/independent sites,https://alistapart.com,VERIFIED_REAL_CURATED
alpinelinux.org,Open-source/project sites,https://alpinelinux.org,VERIFIED_REAL_CURATED
alu.org,Personal/independent sites,https://alu.org,VERIFIED_REAL_CURATED
alz.org,Nonprofits,https://alz.org,VERIFIED_REAL_CURATED
amd.com,Long-running companies,https://amd.com,VERIFIED_REAL_CURATED
amiga.com,Long-running companies,https://amiga.com,VERIFIED_REAL_CURATED
amnesty.org,Nonprofits,https://amnesty.org,VERIFIED_REAL_CURATED
amnh.org,Nonprofits,https://amnh.org,VERIFIED_REAL_CURATED
analog.com,Long-running companies,https://analog.com,VERIFIED_REAL_CURATED
anildash.com,Personal/independent sites,https://anildash.com,VERIFIED_REAL_CURATED
ansible.com,Open-source/project sites,https://ansible.com,VERIFIED_REAL_CURATED
antirez.com,Personal/independent sites,https://antirez.com,VERIFIED_REAL_CURATED
apache.org,Open-source/project sites,https://apache.org,VERIFIED_REAL_CURATED
apenwarr.ca,Personal/independent sites,https://apenwarr.ca,VERIFIED_REAL_CURATED
aph.gov.au,Government,https://aph.gov.au,VERIFIED_REAL_CURATED
apnews.com,Long-running companies,https://apnews.com,VERIFIED_REAL_CURATED
apple.com,Long-running companies,https://apple.com,VERIFIED_REAL_CURATED
arcelormittal.com,Long-running companies,https://arcelormittal.com,VERIFIED_REAL_CURATED
archive.org,Nonprofits,https://archive.org,VERIFIED_REAL_CURATED
archives.gov,Government,https://archives.gov,VERIFIED_REAL_CURATED
archlinux.org,Open-source/project sites,https://archlinux.org,VERIFIED_REAL_CURATED
argentina.gob.ar,Government,https://argentina.gob.ar,VERIFIED_REAL_CURATED
arkansas.gov,Government,https://arkansas.gov,VERIFIED_REAL_CURATED
arts.gov,Government,https://arts.gov,VERIFIED_REAL_CURATED
arxiv.org,Nonprofits,https://arxiv.org,VERIFIED_REAL_CURATED
assemblee-nationale.fr,Government,https://assemblee-nationale.fr,VERIFIED_REAL_CURATED
aston.ac.uk,Universities,https://aston.ac.uk,VERIFIED_REAL_CURATED
astralcodexten.com,Personal/independent sites,https://astralcodexten.com,VERIFIED_REAL_CURATED
astrazeneca.com,Long-running companies,https://astrazeneca.com,VERIFIED_REAL_CURATED
atari.com,Long-running companies,https://atari.com,VERIFIED_REAL_CURATED
att.com,Long-running companies,https://att.com,VERIFIED_REAL_CURATED
audacityteam.org,Open-source/project sites,https://audacityteam.org,VERIFIED_REAL_CURATED
audi.com,Long-running companies,https://audi.com,VERIFIED_REAL_CURATED
australia.gov.au,Government,https://australia.gov.au,VERIFIED_REAL_CURATED
az.gov,Government,https://az.gov,VERIFIED_REAL_CURATED
bac-lac.gc.ca,Nonprofits,https://bac-lac.gc.ca,VERIFIED_REAL_CURATED
baesystems.com,Long-running companies,https://baesystems.com,VERIFIED_REAL_CURATED
bard.edu,Universities,https://bard.edu,VERIFIED_REAL_CURATED
basf.com,Long-running companies,https://basf.com,VERIFIED_REAL_CURATED
bash.org,Open-source/project sites,https://bash.org,VERIFIED_REAL_CURATED
bath.ac.uk,Universities,https://bath.ac.uk,VERIFIED_REAL_CURATED
bayer.com,Long-running companies,https://bayer.com,VERIFIED_REAL_CURATED
baylor.edu,Universities,https://baylor.edu,VERIFIED_REAL_CURATED
bbc.co.uk,Long-running companies,https://bbc.co.uk,VERIFIED_REAL_CURATED
bbk.ac.uk,Universities,https://bbk.ac.uk,VERIFIED_REAL_CURATED
bcn.cl,Government,https://bcn.cl,VERIFIED_REAL_CURATED
bcu.ac.uk,Universities,https://bcu.ac.uk,VERIFIED_REAL_CURATED
bea.gov,Government,https://bea.gov,VERIFIED_REAL_CURATED
bearblog.dev,Personal/independent sites,https://bearblog.dev,VERIFIED_REAL_CURATED
beds.ac.uk,Universities,https://beds.ac.uk,VERIFIED_REAL_CURATED
belgium.be,Government,https://belgium.be,VERIFIED_REAL_CURATED
bell-labs.com,Long-running companies,https://bell-labs.com,VERIFIED_REAL_CURATED
berthub.eu,Personal/independent sites,https://berthub.eu,VERIFIED_REAL_CURATED
bfs.admin.ch,Government,https://bfs.admin.ch,VERIFIED_REAL_CURATED
bhp.com,Long-running companies,https://bhp.com,VERIFIED_REAL_CURATED
binghamton.edu,Universities,https://binghamton.edu,VERIFIED_REAL_CURATED
biorxiv.org,Nonprofits,https://biorxiv.org,VERIFIED_REAL_CURATED
bioware.com,Long-running companies,https://bioware.com,VERIFIED_REAL_CURATED
bka.de,Government,https://bka.de,VERIFIED_REAL_CURATED
bl.uk,Nonprofits,https://bl.uk,VERIFIED_REAL_CURATED
blackbeltjones.com,Personal/independent sites,https://blackbeltjones.com,VERIFIED_REAL_CURATED
blender.org,Open-source/project sites,https://blender.org,VERIFIED_REAL_CURATED
blizzard.com,Long-running companies,https://blizzard.com,VERIFIED_REAL_CURATED
bls.gov,Government,https://bls.gov,VERIFIED_REAL_CURATED
bmf.gv.at,Government,https://bmf.gv.at,VERIFIED_REAL_CURATED
bmwgroup.com,Long-running companies,https://bmwgroup.com,VERIFIED_REAL_CURATED
bne.es,Nonprofits,https://bne.es,VERIFIED_REAL_CURATED
bnf.fr,Nonprofits,https://bnf.fr,VERIFIED_REAL_CURATED
boe.es,Government,https://boe.es,VERIFIED_REAL_CURATED
boeing.com,Long-running companies,https://boeing.com,VERIFIED_REAL_CURATED
boingboing.net,Personal/independent sites,https://boingboing.net,VERIFIED_REAL_CURATED
boisestate.edu,Universities,https://boisestate.edu,VERIFIED_REAL_CURATED
bom.gov.au,Government,https://bom.gov.au,VERIFIED_REAL_CURATED
bookwyrm.social,Personal/independent sites,https://bookwyrm.social,VERIFIED_REAL_CURATED
boost.org,Open-source/project sites,https://boost.org,VERIFIED_REAL_CURATED
bosch.com,Long-running companies,https://bosch.com,VERIFIED_REAL_CURATED
bournemouth.ac.uk,Universities,https://bournemouth.ac.uk,VERIFIED_REAL_CURATED
bp.com,Long-running companies,https://bp.com,VERIFIED_REAL_CURATED
bradford.ac.uk,Universities,https://bradford.ac.uk,VERIFIED_REAL_CURATED
brandur.org,Personal/independent sites,https://brandur.org,VERIFIED_REAL_CURATED
britishmuseum.org,Nonprofits,https://britishmuseum.org,VERIFIED_REAL_CURATED
broadinstitute.org,Nonprofits,https://broadinstitute.org,VERIFIED_REAL_CURATED
brookes.ac.uk,Universities,https://brookes.ac.uk,VERIFIED_REAL_CURATED
brookings.edu,Nonprofits,https://brookings.edu,VERIFIED_REAL_CURATED
brown.edu,Universities,https://brown.edu,VERIFIED_REAL_CURATED
brucelawson.co.uk,Personal/independent sites,https://brucelawson.co.uk,VERIFIED_REAL_CURATED
bruegel.org,Nonprofits,https://bruegel.org,VERIFIED_REAL_CURATED
brunel.ac.uk,Universities,https://brunel.ac.uk,VERIFIED_REAL_CURATED
bt.com,Long-running companies,https://bt.com,VERIFIED_REAL_CURATED
bucknell.edu,Universities,https://bucknell.edu,VERIFIED_REAL_CURATED
bun.sh,Open-source/project sites,https://bun.sh,VERIFIED_REAL_CURATED
bund.de,Government,https://bund.de,VERIFIED_REAL_CURATED
bundeskanzleramt.gv.at,Government,https://bundeskanzleramt.gv.at,VERIFIED_REAL_CURATED
bundestag.de,Government,https://bundestag.de,VERIFIED_REAL_CURATED
bungie.net,Long-running companies,https://bungie.net,VERIFIED_REAL_CURATED
buzzmachine.com,Personal/independent sites,https://buzzmachine.com,VERIFIED_REAL_CURATED
bway.net,Long-running companies,https://bway.net,VERIFIED_REAL_CURATED
ca.gov,Government,https://ca.gov,VERIFIED_REAL_CURATED
caddyserver.com,Open-source/project sites,https://caddyserver.com,VERIFIED_REAL_CURATED
calpoly.edu,Universities,https://calpoly.edu,VERIFIED_REAL_CURATED
caltech.edu,Universities,https://caltech.edu,VERIFIED_REAL_CURATED
canada.ca,Government,https://canada.ca,VERIFIED_REAL_CURATED
cancer.org,Nonprofits,https://cancer.org,VERIFIED_REAL_CURATED
cancerresearchuk.org,Nonprofits,https://cancerresearchuk.org,VERIFIED_REAL_CURATED
canon.com,Long-running companies,https://canon.com,VERIFIED_REAL_CURATED
capcom.com,Long-running companies,https://capcom.com,VERIFIED_REAL_CURATED
cardiff.ac.uk,Universities,https://cardiff.ac.uk,VERIFIED_REAL_CURATED
cardiffmet.ac.uk,Universities,https://cardiffmet.ac.uk,VERIFIED_REAL_CURATED
care.org,Nonprofits,https://care.org,VERIFIED_REAL_CURATED
caritas.org,Nonprofits,https://caritas.org,VERIFIED_REAL_CURATED
carlsbergfondet.dk,Nonprofits,https://carlsbergfondet.dk,VERIFIED_REAL_CURATED
carnegie.org,Nonprofits,https://carnegie.org,VERIFIED_REAL_CURATED
case.edu,Universities,https://case.edu,VERIFIED_REAL_CURATED
casey.org,Nonprofits,https://casey.org,VERIFIED_REAL_CURATED
cassandra.apache.org,Open-source/project sites,https://cassandra.apache.org,VERIFIED_REAL_CURATED
cat-v.org,Personal/independent sites,https://cat-v.org,VERIFIED_REAL_CURATED
catb.org,Personal/independent sites,https://catb.org,VERIFIED_REAL_CURATED
caterpillar.com,Long-running companies,https://caterpillar.com,VERIFIED_REAL_CURATED
cazenovia.edu,Universities,https://cazenovia.edu,VERIFIED_REAL_CURATED
cbo.gov,Government,https://cbo.gov,VERIFIED_REAL_CURATED
cbs.nl,Government,https://cbs.nl,VERIFIED_REAL_CURATED
cdc.gov,Government,https://cdc.gov,VERIFIED_REAL_CURATED
census.gov,Government,https://census.gov,VERIFIED_REAL_CURATED
ceps.eu,Nonprofits,https://ceps.eu,VERIFIED_REAL_CURATED
cern.ch,Nonprofits,https://cern.ch,VERIFIED_REAL_CURATED
cfr.org,Nonprofits,https://cfr.org,VERIFIED_REAL_CURATED
chathamhouse.org,Nonprofits,https://chathamhouse.org,VERIFIED_REAL_CURATED
cherokee-project.com,Open-source/project sites,https://cherokee-project.com,VERIFIED_REAL_CURATED
chevron.com,Long-running companies,https://chevron.com,VERIFIED_REAL_CURATED
cia.gov,Government,https://cia.gov,VERIFIED_REAL_CURATED
ciechanow.ski,Personal/independent sites,https://ciechanow.ski,VERIFIED_REAL_CURATED
cilium.io,Open-source/project sites,https://cilium.io,VERIFIED_REAL_CURATED
cisco.com,Long-running companies,https://cisco.com,VERIFIED_REAL_CURATED
clagnut.com,Personal/independent sites,https://clagnut.com,VERIFIED_REAL_CURATED
clarkson.edu,Universities,https://clarkson.edu,VERIFIED_REAL_CURATED
clemson.edu,Universities,https://clemson.edu,VERIFIED_REAL_CURATED
clevelandclinic.org,Nonprofits,https://clevelandclinic.org,VERIFIED_REAL_CURATED
cliki.net,Personal/independent sites,https://cliki.net,VERIFIED_REAL_CURATED
clojure.org,Open-source/project sites,https://clojure.org,VERIFIED_REAL_CURATED
cloudfoundry.org,Nonprofits,https://cloudfoundry.org,VERIFIED_REAL_CURATED
coca-colacompany.com,Long-running companies,https://coca-colacompany.com,VERIFIED_REAL_CURATED
codeberg.org,Open-source/project sites,https://codeberg.org,VERIFIED_REAL_CURATED
codinghorror.com,Personal/independent sites,https://codinghorror.com,VERIFIED_REAL_CURATED
cofc.edu,Universities,https://cofc.edu,VERIFIED_REAL_CURATED
colah.github.io,Personal/independent sites,https://colah.github.io,VERIFIED_REAL_CURATED
colorado.edu,Universities,https://colorado.edu,VERIFIED_REAL_CURATED
colorado.gov,Government,https://colorado.gov,VERIFIED_REAL_CURATED
colostate.edu,Universities,https://colostate.edu,VERIFIED_REAL_CURATED
columbia.edu,Universities,https://columbia.edu,VERIFIED_REAL_CURATED
compaq.com,Long-running companies,https://compaq.com,VERIFIED_REAL_CURATED
conocophillips.com,Long-running companies,https://conocophillips.com,VERIFIED_REAL_CURATED
conservation.org,Nonprofits,https://conservation.org,VERIFIED_REAL_CURATED
containerd.io,Open-source/project sites,https://containerd.io,VERIFIED_REAL_CURATED
cornell.edu,Universities,https://cornell.edu,VERIFIED_REAL_CURATED
cosmic.voyage,Personal/independent sites,https://cosmic.voyage,VERIFIED_REAL_CURATED
couchdb.apache.org,Open-source/project sites,https://couchdb.apache.org,VERIFIED_REAL_CURATED
coudal.com,Personal/independent sites,https://coudal.com,VERIFIED_REAL_CURATED
coventry.ac.uk,Universities,https://coventry.ac.uk,VERIFIED_REAL_CURATED
cpj.org,Nonprofits,https://cpj.org,VERIFIED_REAL_CURATED
craphound.com,Personal/independent sites,https://craphound.com,VERIFIED_REAL_CURATED
cray.com,Long-running companies,https://cray.com,VERIFIED_REAL_CURATED
creativecommons.org,Nonprofits,https://creativecommons.org,VERIFIED_REAL_CURATED
crossref.org,Nonprofits,https://crossref.org,VERIFIED_REAL_CURATED
crystal-lang.org,Open-source/project sites,https://crystal-lang.org,VERIFIED_REAL_CURATED
cshl.edu,Nonprofits,https://cshl.edu,VERIFIED_REAL_CURATED
csiro.au,Government,https://csiro.au,VERIFIED_REAL_CURATED
csis.org,Nonprofits,https://csis.org,VERIFIED_REAL_CURATED
cso.ie,Government,https://cso.ie,VERIFIED_REAL_CURATED
csszengarden.com,Personal/independent sites,https://csszengarden.com,VERIFIED_REAL_CURATED
csulb.edu,Universities,https://csulb.edu,VERIFIED_REAL_CURATED
csun.edu,Universities,https://csun.edu,VERIFIED_REAL_CURATED
ct.gov,Government,https://ct.gov,VERIFIED_REAL_CURATED
ctrl-c.club,Personal/independent sites,https://ctrl-c.club,VERIFIED_REAL_CURATED
cuny.edu,Universities,https://cuny.edu,VERIFIED_REAL_CURATED
cup.org,Long-running companies,https://cup.org,VERIFIED_REAL_CURATED
curl.se,Open-source/project sites,https://curl.se,VERIFIED_REAL_CURATED
czso.cz,Government,https://czso.cz,VERIFIED_REAL_CURATED
dana-farber.org,Nonprofits,https://dana-farber.org,VERIFIED_REAL_CURATED
danieldrezner.com,Personal/independent sites,https://danieldrezner.com,VERIFIED_REAL_CURATED
danluu.com,Personal/independent sites,https://danluu.com,VERIFIED_REAL_CURATED
danone.com,Long-running companies,https://danone.com,VERIFIED_REAL_CURATED
danwang.co,Personal/independent sites,https://danwang.co,VERIFIED_REAL_CURATED
daringfireball.net,Personal/independent sites,https://daringfireball.net,VERIFIED_REAL_CURATED
datacite.org,Nonprofits,https://datacite.org,VERIFIED_REAL_CURATED
dd-wrt.com,Open-source/project sites,https://dd-wrt.com,VERIFIED_REAL_CURATED
debian.org,Open-source/project sites,https://debian.org,VERIFIED_REAL_CURATED
dec.com,Long-running companies,https://dec.com,VERIFIED_REAL_CURATED
defense.gov,Government,https://defense.gov,VERIFIED_REAL_CURATED
delaware.gov,Government,https://delaware.gov,VERIFIED_REAL_CURATED
dell.com,Long-running companies,https://dell.com,VERIFIED_REAL_CURATED
deno.land,Open-source/project sites,https://deno.land,VERIFIED_REAL_CURATED
dhs.gov,Government,https://dhs.gov,VERIFIED_REAL_CURATED
diabetes.org,Nonprofits,https://diabetes.org,VERIFIED_REAL_CURATED
dickinson.edu,Universities,https://dickinson.edu,VERIFIED_REAL_CURATED
discourse.org,Open-source/project sites,https://discourse.org,VERIFIED_REAL_CURATED
distill.pub,Personal/independent sites,https://distill.pub,VERIFIED_REAL_CURATED
diyaudio.com,Personal/independent sites,https://diyaudio.com,VERIFIED_REAL_CURATED
diystompboxes.com,Personal/independent sites,https://diystompboxes.com,VERIFIED_REAL_CURATED
dnb.de,Nonprofits,https://dnb.de,VERIFIED_REAL_CURATED
doaj.org,Nonprofits,https://doaj.org,VERIFIED_REAL_CURATED
doctorswithoutborders.org,Nonprofits,https://doctorswithoutborders.org,VERIFIED_REAL_CURATED
doe.gov,Government,https://doe.gov,VERIFIED_REAL_CURATED
doi.gov,Government,https://doi.gov,VERIFIED_REAL_CURATED
dol.gov,Government,https://dol.gov,VERIFIED_REAL_CURATED
doxygen.nl,Open-source/project sites,https://doxygen.nl,VERIFIED_REAL_CURATED
dst.dk,Government,https://dst.dk,VERIFIED_REAL_CURATED
duke.edu,Universities,https://duke.edu,VERIFIED_REAL_CURATED
dundee.ac.uk,Universities,https://dundee.ac.uk,VERIFIED_REAL_CURATED
dupont.com,Long-running companies,https://dupont.com,VERIFIED_REAL_CURATED
dwd.de,Government,https://dwd.de,VERIFIED_REAL_CURATED
ea.com,Long-running companies,https://ea.com,VERIFIED_REAL_CURATED
earthlink.net,Long-running companies,https://earthlink.net,VERIFIED_REAL_CURATED
echonyc.com,Long-running companies,https://echonyc.com,VERIFIED_REAL_CURATED
eclipse.org,Nonprofits,https://eclipse.org,VERIFIED_REAL_CURATED
economist.com,Long-running companies,https://economist.com,VERIFIED_REAL_CURATED
ecu.edu,Universities,https://ecu.edu,VERIFIED_REAL_CURATED
ed.ac.uk,Universities,https://ed.ac.uk,VERIFIED_REAL_CURATED
ed.gov,Government,https://ed.gov,VERIFIED_REAL_CURATED
edf.org,Nonprofits,https://edf.org,VERIFIED_REAL_CURATED
eduskunta.fi,Government,https://eduskunta.fi,VERIFIED_REAL_CURATED
eff.org,Nonprofits,https://eff.org,VERIFIED_REAL_CURATED
eia.gov,Government,https://eia.gov,VERIFIED_REAL_CURATED
electro-music.com,Personal/independent sites,https://electro-music.com,VERIFIED_REAL_CURATED
elixir-lang.org,Open-source/project sites,https://elixir-lang.org,VERIFIED_REAL_CURATED
elmira.edu,Universities,https://elmira.edu,VERIFIED_REAL_CURATED
elsevier.com,Long-running companies,https://elsevier.com,VERIFIED_REAL_CURATED
emacs.org,Open-source/project sites,https://emacs.org,VERIFIED_REAL_CURATED
energy.gov,Government,https://energy.gov,VERIFIED_REAL_CURATED
eni.com,Long-running companies,https://eni.com,VERIFIED_REAL_CURATED
envoyproxy.io,Open-source/project sites,https://envoyproxy.io,VERIFIED_REAL_CURATED
envs.net,Personal/independent sites,https://envs.net,VERIFIED_REAL_CURATED
epa.gov,Government,https://epa.gov,VERIFIED_REAL_CURATED
epicgames.com,Long-running companies,https://epicgames.com,VERIFIED_REAL_CURATED
epson.com,Long-running companies,https://epson.com,VERIFIED_REAL_CURATED
equinor.com,Long-running companies,https://equinor.com,VERIFIED_REAL_CURATED
ericsson.com,Long-running companies,https://ericsson.com,VERIFIED_REAL_CURATED
erlang.org,Open-source/project sites,https://erlang.org,VERIFIED_REAL_CURATED
esa.int,Nonprofits,https://esa.int,VERIFIED_REAL_CURATED
esf.edu,Universities,https://esf.edu,VERIFIED_REAL_CURATED
eskimo.com,Long-running companies,https://eskimo.com,VERIFIED_REAL_CURATED
etcd.io,Open-source/project sites,https://etcd.io,VERIFIED_REAL_CURATED
everything2.com,Personal/independent sites,https://everything2.com,VERIFIED_REAL_CURATED
evjang.com,Personal/independent sites,https://evjang.com,VERIFIED_REAL_CURATED
exxonmobil.com,Long-running companies,https://exxonmobil.com,VERIFIED_REAL_CURATED
fao.org,Nonprofits,https://fao.org,VERIFIED_REAL_CURATED
farmingdale.edu,Universities,https://farmingdale.edu,VERIFIED_REAL_CURATED
fasterthanli.me,Personal/independent sites,https://fasterthanli.me,VERIFIED_REAL_CURATED
fau.edu,Universities,https://fau.edu,VERIFIED_REAL_CURATED
fbi.gov,Government,https://fbi.gov,VERIFIED_REAL_CURATED
fcc.gov,Government,https://fcc.gov,VERIFIED_REAL_CURATED
fda.gov,Government,https://fda.gov,VERIFIED_REAL_CURATED
fedoraproject.org,Open-source/project sites,https://fedoraproject.org,VERIFIED_REAL_CURATED
ffmpeg.org,Open-source/project sites,https://ffmpeg.org,VERIFIED_REAL_CURATED
fieldmuseum.org,Nonprofits,https://fieldmuseum.org,VERIFIED_REAL_CURATED
filezilla-project.org,Open-source/project sites,https://filezilla-project.org,VERIFIED_REAL_CURATED
fin.gc.ca,Government,https://fin.gc.ca,VERIFIED_REAL_CURATED
finmin.fi,Government,https://finmin.fi,VERIFIED_REAL_CURATED
fit.edu,Universities,https://fit.edu,VERIFIED_REAL_CURATED
fiu.edu,Universities,https://fiu.edu,VERIFIED_REAL_CURATED
fl.gov,Government,https://fl.gov,VERIFIED_REAL_CURATED
fltk.org,Open-source/project sites,https://fltk.org,VERIFIED_REAL_CURATED
fluentd.org,Open-source/project sites,https://fluentd.org,VERIFIED_REAL_CURATED
folklore.org,Personal/independent sites,https://folklore.org,VERIFIED_REAL_CURATED
ford.com,Long-running companies,https://ford.com,VERIFIED_REAL_CURATED
fordfoundation.org,Nonprofits,https://fordfoundation.org,VERIFIED_REAL_CURATED
fordham.edu,Universities,https://fordham.edu,VERIFIED_REAL_CURATED
forgejo.org,Open-source/project sites,https://forgejo.org,VERIFIED_REAL_CURATED
fredhutch.org,Nonprofits,https://fredhutch.org,VERIFIED_REAL_CURATED
fredonia.edu,Universities,https://fredonia.edu,VERIFIED_REAL_CURATED
freebsd.org,Open-source/project sites,https://freebsd.org,VERIFIED_REAL_CURATED
freebsdfoundation.org,Nonprofits,https://freebsdfoundation.org,VERIFIED_REAL_CURATED
freedesktop.org,Open-source/project sites,https://freedesktop.org,VERIFIED_REAL_CURATED
freedomhouse.org,Nonprofits,https://freedomhouse.org,VERIFIED_REAL_CURATED
frogfind.com,Personal/independent sites,https://frogfind.com,VERIFIED_REAL_CURATED
fsf.org,Nonprofits,https://fsf.org,VERIFIED_REAL_CURATED
fsu.edu,Universities,https://fsu.edu,VERIFIED_REAL_CURATED
ft.dk,Government,https://ft.dk,VERIFIED_REAL_CURATED
ftc.gov,Government,https://ftc.gov,VERIFIED_REAL_CURATED
fujitsu.com,Long-running companies,https://fujitsu.com,VERIFIED_REAL_CURATED
funkwhale.audio,Personal/independent sites,https://funkwhale.audio,VERIFIED_REAL_CURATED
furman.edu,Universities,https://furman.edu,VERIFIED_REAL_CURATED
gao.gov,Government,https://gao.gov,VERIFIED_REAL_CURATED
gatesfoundation.org,Nonprofits,https://gatesfoundation.org,VERIFIED_REAL_CURATED
gateway.com,Long-running companies,https://gateway.com,VERIFIED_REAL_CURATED
gcc.gnu.org,Open-source/project sites,https://gcc.gnu.org,VERIFIED_REAL_CURATED
ge.com,Long-running companies,https://ge.com,VERIFIED_REAL_CURATED
generalmills.com,Long-running companies,https://generalmills.com,VERIFIED_REAL_CURATED
generalmotors.com,Long-running companies,https://generalmotors.com,VERIFIED_REAL_CURATED
gentoo.org,Open-source/project sites,https://gentoo.org,VERIFIED_REAL_CURATED
geofex.com,Personal/independent sites,https://geofex.com,VERIFIED_REAL_CURATED
georgetown.edu,Universities,https://georgetown.edu,VERIFIED_REAL_CURATED
georgia.gov,Government,https://georgia.gov,VERIFIED_REAL_CURATED
gimp.org,Open-source/project sites,https://gimp.org,VERIFIED_REAL_CURATED
git-scm.com,Open-source/project sites,https://git-scm.com,VERIFIED_REAL_CURATED
gitea.com,Open-source/project sites,https://gitea.com,VERIFIED_REAL_CURATED
glencore.com,Long-running companies,https://glencore.com,VERIFIED_REAL_CURATED
gmu.edu,Universities,https://gmu.edu,VERIFIED_REAL_CURATED
gnome.org,Open-source/project sites,https://gnome.org,VERIFIED_REAL_CURATED
gnu.org,Open-source/project sites,https://gnu.org,VERIFIED_REAL_CURATED
gob.cl,Government,https://gob.cl,VERIFIED_REAL_CURATED
gob.mx,Government,https://gob.mx,VERIFIED_REAL_CURATED
golang.org,Open-source/project sites,https://golang.org,VERIFIED_REAL_CURATED
golem.ph.utexas.edu,Personal/independent sites,https://golem.ph.utexas.edu,VERIFIED_REAL_CURATED
goodwill.org,Nonprofits,https://goodwill.org,VERIFIED_REAL_CURATED
gouvernement.fr,Government,https://gouvernement.fr,VERIFIED_REAL_CURATED
gov.br,Government,https://gov.br,VERIFIED_REAL_CURATED
gov.gr,Government,https://gov.gr,VERIFIED_REAL_CURATED
gov.ie,Government,https://gov.ie,VERIFIED_REAL_CURATED
gov.pl,Government,https://gov.pl,VERIFIED_REAL_CURATED
gov.scot,Government,https://gov.scot,VERIFIED_REAL_CURATED
gov.sg,Government,https://gov.sg,VERIFIED_REAL_CURATED
gov.uk,Government,https://gov.uk,VERIFIED_REAL_CURATED
gov.wales,Government,https://gov.wales,VERIFIED_REAL_CURATED
gov.za,Government,https://gov.za,VERIFIED_REAL_CURATED
governo.it,Government,https://governo.it,VERIFIED_REAL_CURATED
govt.nz,Government,https://govt.nz,VERIFIED_REAL_CURATED
gpo.gov,Government,https://gpo.gov,VERIFIED_REAL_CURATED
grafana.com,Open-source/project sites,https://grafana.com,VERIFIED_REAL_CURATED
graphviz.org,Open-source/project sites,https://graphviz.org,VERIFIED_REAL_CURATED
greenpeace.org,Nonprofits,https://greenpeace.org,VERIFIED_REAL_CURATED
gregorygundersen.com,Personal/independent sites,https://gregorygundersen.com,VERIFIED_REAL_CURATED
gsk.com,Long-running companies,https://gsk.com,VERIFIED_REAL_CURATED
gsu.edu,Universities,https://gsu.edu,VERIFIED_REAL_CURATED
gtk.org,Open-source/project sites,https://gtk.org,VERIFIED_REAL_CURATED
gutenberg.org,Nonprofits,https://gutenberg.org,VERIFIED_REAL_CURATED
gwern.net,Personal/independent sites,https://gwern.net,VERIFIED_REAL_CURATED
hadoop.apache.org,Open-source/project sites,https://hadoop.apache.org,VERIFIED_REAL_CURATED
halcyon.com,Long-running companies,https://halcyon.com,VERIFIED_REAL_CURATED
handbrake.fr,Open-source/project sites,https://handbrake.fr,VERIFIED_REAL_CURATED
haproxy.org,Open-source/project sites,https://haproxy.org,VERIFIED_REAL_CURATED
hartwick.edu,Universities,https://hartwick.edu,VERIFIED_REAL_CURATED
harvard.edu,Universities,https://harvard.edu,VERIFIED_REAL_CURATED
haskell.org,Open-source/project sites,https://haskell.org,VERIFIED_REAL_CURATED
hawaii.gov,Government,https://hawaii.gov,VERIFIED_REAL_CURATED
hellenicparliament.gr,Government,https://hellenicparliament.gr,VERIFIED_REAL_CURATED
helm.sh,Open-source/project sites,https://helm.sh,VERIFIED_REAL_CURATED
hewlett.org,Nonprofits,https://hewlett.org,VERIFIED_REAL_CURATED
hhmi.org,Nonprofits,https://hhmi.org,VERIFIED_REAL_CURATED
hhs.gov,Government,https://hhs.gov,VERIFIED_REAL_CURATED
hicksdesign.co.uk,Personal/independent sites,https://hicksdesign.co.uk,VERIFIED_REAL_CURATED
hitachi.com,Long-running companies,https://hitachi.com,VERIFIED_REAL_CURATED
hofstra.edu,Universities,https://hofstra.edu,VERIFIED_REAL_CURATED
home-assistant.io,Open-source/project sites,https://home-assistant.io,VERIFIED_REAL_CURATED
honda.com,Long-running companies,https://honda.com,VERIFIED_REAL_CURATED
honeywell.com,Long-running companies,https://honeywell.com,VERIFIED_REAL_CURATED
house.gov,Government,https://house.gov,VERIFIED_REAL_CURATED
hp.com,Long-running companies,https://hp.com,VERIFIED_REAL_CURATED
hrw.org,Nonprofits,https://hrw.org,VERIFIED_REAL_CURATED
httpd.apache.org,Open-source/project sites,https://httpd.apache.org,VERIFIED_REAL_CURATED
hud.gov,Government,https://hud.gov,VERIFIED_REAL_CURATED
hull.ac.uk,Universities,https://hull.ac.uk,VERIFIED_REAL_CURATED
hyperorg.com,Personal/independent sites,https://hyperorg.com,VERIFIED_REAL_CURATED
hyundai.com,Long-running companies,https://hyundai.com,VERIFIED_REAL_CURATED
iaea.org,Nonprofits,https://iaea.org,VERIFIED_REAL_CURATED
iana.org,Nonprofits,https://iana.org,VERIFIED_REAL_CURATED
ibge.gov.br,Government,https://ibge.gov.br,VERIFIED_REAL_CURATED
ibm.com,Long-running companies,https://ibm.com,VERIFIED_REAL_CURATED
icann.org,Nonprofits,https://icann.org,VERIFIED_REAL_CURATED
icao.int,Nonprofits,https://icao.int,VERIFIED_REAL_CURATED
icij.org,Nonprofits,https://icij.org,VERIFIED_REAL_CURATED
idaho.gov,Government,https://idaho.gov,VERIFIED_REAL_CURATED
idlewords.com,Personal/independent sites,https://idlewords.com,VERIFIED_REAL_CURATED
idsoftware.com,Long-running companies,https://idsoftware.com,VERIFIED_REAL_CURATED
iec.ch,Nonprofits,https://iec.ch,VERIFIED_REAL_CURATED
ieee.org,Nonprofits,https://ieee.org,VERIFIED_REAL_CURATED
ietf.org,Nonprofits,https://ietf.org,VERIFIED_REAL_CURATED
iiss.org,Nonprofits,https://iiss.org,VERIFIED_REAL_CURATED
illinois.gov,Government,https://illinois.gov,VERIFIED_REAL_CURATED
ilo.org,Nonprofits,https://ilo.org,VERIFIED_REAL_CURATED
imf.org,Nonprofits,https://imf.org,VERIFIED_REAL_CURATED
imls.gov,Government,https://imls.gov,VERIFIED_REAL_CURATED
imo.org,Nonprofits,https://imo.org,VERIFIED_REAL_CURATED
indec.gob.ar,Government,https://indec.gob.ar,VERIFIED_REAL_CURATED
india.gov.in,Government,https://india.gov.in,VERIFIED_REAL_CURATED
indiana.gov,Government,https://indiana.gov,VERIFIED_REAL_CURATED
indieweb.org,Personal/independent sites,https://indieweb.org,VERIFIED_REAL_CURATED
ine.es,Government,https://ine.es,VERIFIED_REAL_CURATED
ine.gob.cl,Government,https://ine.gob.cl,VERIFIED_REAL_CURATED
ine.pt,Government,https://ine.pt,VERIFIED_REAL_CURATED
inegi.org.mx,Government,https://inegi.org.mx,VERIFIED_REAL_CURATED
inkscape.org,Open-source/project sites,https://inkscape.org,VERIFIED_REAL_CURATED
insee.fr,Government,https://insee.fr,VERIFIED_REAL_CURATED
intel.com,Long-running companies,https://intel.com,VERIFIED_REAL_CURATED
interconnected.org,Personal/independent sites,https://interconnected.org,VERIFIED_REAL_CURATED
interport.net,Long-running companies,https://interport.net,VERIFIED_REAL_CURATED
iowa.gov,Government,https://iowa.gov,VERIFIED_REAL_CURATED
isc.org,Open-source/project sites,https://isc.org,VERIFIED_REAL_CURATED
islamic-relief.org,Nonprofits,https://islamic-relief.org,VERIFIED_REAL_CURATED
iso.org,Nonprofits,https://iso.org,VERIFIED_REAL_CURATED
isro.gov.in,Government,https://isro.gov.in,VERIFIED_REAL_CURATED
istat.it,Government,https://istat.it,VERIFIED_REAL_CURATED
istio.io,Open-source/project sites,https://istio.io,VERIFIED_REAL_CURATED
itch.io,Personal/independent sites,https://itch.io,VERIFIED_REAL_CURATED
ithaca.edu,Universities,https://ithaca.edu,VERIFIED_REAL_CURATED
itu.int,Nonprofits,https://itu.int,VERIFIED_REAL_CURATED
jaegertracing.io,Open-source/project sites,https://jaegertracing.io,VERIFIED_REAL_CURATED
japan.go.jp,Government,https://japan.go.jp,VERIFIED_REAL_CURATED
jax.org,Nonprofits,https://jax.org,VERIFIED_REAL_CURATED
jeremykun.com,Personal/independent sites,https://jeremykun.com,VERIFIED_REAL_CURATED
jhu.edu,Universities,https://jhu.edu,VERIFIED_REAL_CURATED
jmu.edu,Universities,https://jmu.edu,VERIFIED_REAL_CURATED
jnj.com,Long-running companies,https://jnj.com,VERIFIED_REAL_CURATED
joelonsoftware.com,Personal/independent sites,https://joelonsoftware.com,VERIFIED_REAL_CURATED
joinmastodon.org,Personal/independent sites,https://joinmastodon.org,VERIFIED_REAL_CURATED
jsu.edu,Universities,https://jsu.edu,VERIFIED_REAL_CURATED
justice.gov,Government,https://justice.gov,VERIFIED_REAL_CURATED
jvns.ca,Personal/independent sites,https://jvns.ca,VERIFIED_REAL_CURATED
jwz.org,Personal/independent sites,https://jwz.org,VERIFIED_REAL_CURATED
kafka.apache.org,Open-source/project sites,https://kafka.apache.org,VERIFIED_REAL_CURATED
kansas.gov,Government,https://kansas.gov,VERIFIED_REAL_CURATED
kantei.go.jp,Government,https://kantei.go.jp,VERIFIED_REAL_CURATED
kb.dk,Nonprofits,https://kb.dk,VERIFIED_REAL_CURATED
kb.nl,Nonprofits,https://kb.nl,VERIFIED_REAL_CURATED
kcl.ac.uk,Universities,https://kcl.ac.uk,VERIFIED_REAL_CURATED
kde.org,Open-source/project sites,https://kde.org,VERIFIED_REAL_CURATED
keele.ac.uk,Universities,https://keele.ac.uk,VERIFIED_REAL_CURATED
keepass.info,Open-source/project sites,https://keepass.info,VERIFIED_REAL_CURATED
kelloggs.com,Long-running companies,https://kelloggs.com,VERIFIED_REAL_CURATED
kent.ac.uk,Universities,https://kent.ac.uk,VERIFIED_REAL_CURATED
kentucky.gov,Government,https://kentucky.gov,VERIFIED_REAL_CURATED
kernel.org,Open-source/project sites,https://kernel.org,VERIFIED_REAL_CURATED
keuka.edu,Universities,https://keuka.edu,VERIFIED_REAL_CURATED
kia.com,Long-running companies,https://kia.com,VERIFIED_REAL_CURATED
kingston.ac.uk,Universities,https://kingston.ac.uk,VERIFIED_REAL_CURATED
knightfoundation.org,Nonprofits,https://knightfoundation.org,VERIFIED_REAL_CURATED
komatsu.com,Long-running companies,https://komatsu.com,VERIFIED_REAL_CURATED
konami.com,Long-running companies,https://konami.com,VERIFIED_REAL_CURATED
kormany.hu,Government,https://kormany.hu,VERIFIED_REAL_CURATED
kottke.org,Personal/independent sites,https://kottke.org,VERIFIED_REAL_CURATED
kraftheinzcompany.com,Long-running companies,https://kraftheinzcompany.com,VERIFIED_REAL_CURATED
kresge.org,Nonprofits,https://kresge.org,VERIFIED_REAL_CURATED
ksh.hu,Government,https://ksh.hu,VERIFIED_REAL_CURATED
ksu.edu,Universities,https://ksu.edu,VERIFIED_REAL_CURATED
kubernetes.io,Open-source/project sites,https://kubernetes.io,VERIFIED_REAL_CURATED
la.gov,Government,https://la.gov,VERIFIED_REAL_CURATED
lafayette.edu,Universities,https://lafayette.edu,VERIFIED_REAL_CURATED
lamoncloa.gob.es,Government,https://lamoncloa.gob.es,VERIFIED_REAL_CURATED
latech.edu,Universities,https://latech.edu,VERIFIED_REAL_CURATED
legifrance.gouv.fr,Government,https://legifrance.gouv.fr,VERIFIED_REAL_CURATED
lehigh.edu,Universities,https://lehigh.edu,VERIFIED_REAL_CURATED
lemmy.world,Personal/independent sites,https://lemmy.world,VERIFIED_REAL_CURATED
lemoine.edu,Universities,https://lemoine.edu,VERIFIED_REAL_CURATED
lesswrong.com,Personal/independent sites,https://lesswrong.com,VERIFIED_REAL_CURATED
lexaloffle.com,Personal/independent sites,https://lexaloffle.com,VERIFIED_REAL_CURATED
libevent.org,Open-source/project sites,https://libevent.org,VERIFIED_REAL_CURATED
libreoffice.org,Open-source/project sites,https://libreoffice.org,VERIFIED_REAL_CURATED
libsdl.org,Open-source/project sites,https://libsdl.org,VERIFIED_REAL_CURATED
libuv.org,Open-source/project sites,https://libuv.org,VERIFIED_REAL_CURATED
lighttpd.net,Open-source/project sites,https://lighttpd.net,VERIFIED_REAL_CURATED
lilianweng.github.io,Personal/independent sites,https://lilianweng.github.io,VERIFIED_REAL_CURATED
linkerd.io,Open-source/project sites,https://linkerd.io,VERIFIED_REAL_CURATED
linkwitzlab.com,Personal/independent sites,https://linkwitzlab.com,VERIFIED_REAL_CURATED
linuxfoundation.org,Nonprofits,https://linuxfoundation.org,VERIFIED_REAL_CURATED
liverpool.ac.uk,Universities,https://liverpool.ac.uk,VERIFIED_REAL_CURATED
llvm.org,Open-source/project sites,https://llvm.org,VERIFIED_REAL_CURATED
lobste.rs,Personal/independent sites,https://lobste.rs,VERIFIED_REAL_CURATED
loc.gov,Government,https://loc.gov,VERIFIED_REAL_CURATED
lockheedmartin.com,Long-running companies,https://lockheedmartin.com,VERIFIED_REAL_CURATED
louisville.edu,Universities,https://louisville.edu,VERIFIED_REAL_CURATED
louvre.fr,Nonprofits,https://louvre.fr,VERIFIED_REAL_CURATED
loyola.edu,Universities,https://loyola.edu,VERIFIED_REAL_CURATED
lsbu.ac.uk,Universities,https://lsbu.ac.uk,VERIFIED_REAL_CURATED
lse.ac.uk,Universities,https://lse.ac.uk,VERIFIED_REAL_CURATED
lua.org,Open-source/project sites,https://lua.org,VERIFIED_REAL_CURATED
lucasarts.com,Long-running companies,https://lucasarts.com,VERIFIED_REAL_CURATED
lucatrevisan.wordpress.com,Personal/independent sites,https://lucatrevisan.wordpress.com,VERIFIED_REAL_CURATED
lucene.apache.org,Open-source/project sites,https://lucene.apache.org,VERIFIED_REAL_CURATED
macfound.org,Nonprofits,https://macfound.org,VERIFIED_REAL_CURATED
maine.gov,Government,https://maine.gov,VERIFIED_REAL_CURATED
marginalia.nu,Personal/independent sites,https://marginalia.nu,VERIFIED_REAL_CURATED
mariadb.org,Open-source/project sites,https://mariadb.org,VERIFIED_REAL_CURATED
maryland.gov,Government,https://maryland.gov,VERIFIED_REAL_CURATED
massgeneral.org,Nonprofits,https://massgeneral.org,VERIFIED_REAL_CURATED
mataroa.blog,Personal/independent sites,https://mataroa.blog,VERIFIED_REAL_CURATED
mathoverflow.net,Personal/independent sites,https://mathoverflow.net,VERIFIED_REAL_CURATED
matrix.org,Open-source/project sites,https://matrix.org,VERIFIED_REAL_CURATED
mattermost.com,Open-source/project sites,https://mattermost.com,VERIFIED_REAL_CURATED
mayoclinic.org,Nonprofits,https://mayoclinic.org,VERIFIED_REAL_CURATED
mazda.com,Long-running companies,https://mazda.com,VERIFIED_REAL_CURATED
mdx.ac.uk,Universities,https://mdx.ac.uk,VERIFIED_REAL_CURATED
meatballwiki.org,Personal/independent sites,https://meatballwiki.org,VERIFIED_REAL_CURATED
medrxiv.org,Nonprofits,https://medrxiv.org,VERIFIED_REAL_CURATED
medtronic.com,Long-running companies,https://medtronic.com,VERIFIED_REAL_CURATED
mellon.org,Nonprofits,https://mellon.org,VERIFIED_REAL_CURATED
meltingasphalt.com,Personal/independent sites,https://meltingasphalt.com,VERIFIED_REAL_CURATED
memcached.org,Open-source/project sites,https://memcached.org,VERIFIED_REAL_CURATED
mercedes-benz.com,Long-running companies,https://mercedes-benz.com,VERIFIED_REAL_CURATED
mercer.edu,Universities,https://mercer.edu,VERIFIED_REAL_CURATED
merck.com,Long-running companies,https://merck.com,VERIFIED_REAL_CURATED
mercurial-scm.org,Open-source/project sites,https://mercurial-scm.org,VERIFIED_REAL_CURATED
mercycorps.org,Nonprofits,https://mercycorps.org,VERIFIED_REAL_CURATED
metafilter.com,Personal/independent sites,https://metafilter.com,VERIFIED_REAL_CURATED
metmuseum.org,Nonprofits,https://metmuseum.org,VERIFIED_REAL_CURATED
metoffice.gov.uk,Government,https://metoffice.gov.uk,VERIFIED_REAL_CURATED
meyerweb.com,Personal/independent sites,https://meyerweb.com,VERIFIED_REAL_CURATED
miami.edu,Universities,https://miami.edu,VERIFIED_REAL_CURATED
michigan.gov,Government,https://michigan.gov,VERIFIED_REAL_CURATED
micro.blog,Personal/independent sites,https://micro.blog,VERIFIED_REAL_CURATED
microprose.com,Long-running companies,https://microprose.com,VERIFIED_REAL_CURATED
microsoft.com,Long-running companies,https://microsoft.com,VERIFIED_REAL_CURATED
midnight.pub,Personal/independent sites,https://midnight.pub,VERIFIED_REAL_CURATED
mindspring.com,Long-running companies,https://mindspring.com,VERIFIED_REAL_CURATED
minfin.gov.pl,Government,https://minfin.gov.pl,VERIFIED_REAL_CURATED
missouri.edu,Universities,https://missouri.edu,VERIFIED_REAL_CURATED
mit.edu,Universities,https://mit.edu,VERIFIED_REAL_CURATED
mitchellh.com,Personal/independent sites,https://mitchellh.com,VERIFIED_REAL_CURATED
mmu.ac.uk,Universities,https://mmu.ac.uk,VERIFIED_REAL_CURATED
mn.gov,Government,https://mn.gov,VERIFIED_REAL_CURATED
mo.gov,Government,https://mo.gov,VERIFIED_REAL_CURATED
modwiggler.com,Personal/independent sites,https://modwiggler.com,VERIFIED_REAL_CURATED
moma.org,Nonprofits,https://moma.org,VERIFIED_REAL_CURATED
mondelezinternational.com,Long-running companies,https://mondelezinternational.com,VERIFIED_REAL_CURATED
mongodb.com,Open-source/project sites,https://mongodb.com,VERIFIED_REAL_CURATED
monome.org,Personal/independent sites,https://monome.org,VERIFIED_REAL_CURATED
montana.edu,Universities,https://montana.edu,VERIFIED_REAL_CURATED
montana.gov,Government,https://montana.gov,VERIFIED_REAL_CURATED
moore.org,Nonprofits,https://moore.org,VERIFIED_REAL_CURATED
mozilla.org,Open-source/project sites,https://mozilla.org,VERIFIED_REAL_CURATED
ms.gov,Government,https://ms.gov,VERIFIED_REAL_CURATED
mskcc.org,Nonprofits,https://mskcc.org,VERIFIED_REAL_CURATED
msstate.edu,Universities,https://msstate.edu,VERIFIED_REAL_CURATED
muhlenberg.edu,Universities,https://muhlenberg.edu,VERIFIED_REAL_CURATED
mzv.cz,Government,https://mzv.cz,VERIFIED_REAL_CURATED
namco.com,Long-running companies,https://namco.com,VERIFIED_REAL_CURATED
nasa.gov,Government,https://nasa.gov,VERIFIED_REAL_CURATED
nationalarchives.gov.uk,Government,https://nationalarchives.gov.uk,VERIFIED_REAL_CURATED
nature.com,Long-running companies,https://nature.com,VERIFIED_REAL_CURATED
nature.org,Nonprofits,https://nature.org,VERIFIED_REAL_CURATED
nau.edu,Universities,https://nau.edu,VERIFIED_REAL_CURATED
nb.no,Nonprofits,https://nb.no,VERIFIED_REAL_CURATED
nc.gov,Government,https://nc.gov,VERIFIED_REAL_CURATED
ncase.me,Personal/independent sites,https://ncase.me,VERIFIED_REAL_CURATED
ncsu.edu,Universities,https://ncsu.edu,VERIFIED_REAL_CURATED
nd.edu,Universities,https://nd.edu,VERIFIED_REAL_CURATED
nd.gov,Government,https://nd.gov,VERIFIED_REAL_CURATED
ndsu.edu,Universities,https://ndsu.edu,VERIFIED_REAL_CURATED
nebraska.edu,Universities,https://nebraska.edu,VERIFIED_REAL_CURATED
nebraska.gov,Government,https://nebraska.gov,VERIFIED_REAL_CURATED
nec.com,Long-running companies,https://nec.com,VERIFIED_REAL_CURATED
neh.gov,Government,https://neh.gov,VERIFIED_REAL_CURATED
neocities.org,Personal/independent sites,https://neocities.org,VERIFIED_REAL_CURATED
neovim.io,Open-source/project sites,https://neovim.io,VERIFIED_REAL_CURATED
nestle.com,Long-running companies,https://nestle.com,VERIFIED_REAL_CURATED
netbsd.org,Open-source/project sites,https://netbsd.org,VERIFIED_REAL_CURATED
netbsdfoundation.org,Nonprofits,https://netbsdfoundation.org,VERIFIED_REAL_CURATED
nevada.gov,Government,https://nevada.gov,VERIFIED_REAL_CURATED
nextcloud.com,Open-source/project sites,https://nextcloud.com,VERIFIED_REAL_CURATED
nginx.org,Open-source/project sites,https://nginx.org,VERIFIED_REAL_CURATED
nh.gov,Government,https://nh.gov,VERIFIED_REAL_CURATED
nhs.uk,Government,https://nhs.uk,VERIFIED_REAL_CURATED
niagara.edu,Universities,https://niagara.edu,VERIFIED_REAL_CURATED
nih.gov,Government,https://nih.gov,VERIFIED_REAL_CURATED
nim-lang.org,Open-source/project sites,https://nim-lang.org,VERIFIED_REAL_CURATED
nintendo.com,Long-running companies,https://nintendo.com,VERIFIED_REAL_CURATED
nissan-global.com,Long-running companies,https://nissan-global.com,VERIFIED_REAL_CURATED
nist.gov,Government,https://nist.gov,VERIFIED_REAL_CURATED
niti.gov.in,Government,https://niti.gov.in,VERIFIED_REAL_CURATED
nla.gov.au,Nonprofits,https://nla.gov.au,VERIFIED_REAL_CURATED
nm.gov,Government,https://nm.gov,VERIFIED_REAL_CURATED
nmsu.edu,Universities,https://nmsu.edu,VERIFIED_REAL_CURATED
noaa.gov,Government,https://noaa.gov,VERIFIED_REAL_CURATED
nodejs.org,Open-source/project sites,https://nodejs.org,VERIFIED_REAL_CURATED
nokia.com,Long-running companies,https://nokia.com,VERIFIED_REAL_CURATED
northropgrumman.com,Long-running companies,https://northropgrumman.com,VERIFIED_REAL_CURATED
northumbria.ac.uk,Universities,https://northumbria.ac.uk,VERIFIED_REAL_CURATED
norvig.com,Personal/independent sites,https://norvig.com,VERIFIED_REAL_CURATED
notepad-plus-plus.org,Open-source/project sites,https://notepad-plus-plus.org,VERIFIED_REAL_CURATED
novartis.com,Long-running companies,https://novartis.com,VERIFIED_REAL_CURATED
novell.com,Long-running companies,https://novell.com,VERIFIED_REAL_CURATED
nrc-cnrc.gc.ca,Government,https://nrc-cnrc.gc.ca,VERIFIED_REAL_CURATED
nsf.gov,Government,https://nsf.gov,VERIFIED_REAL_CURATED
ntu.ac.uk,Universities,https://ntu.ac.uk,VERIFIED_REAL_CURATED
numfocus.org,Nonprofits,https://numfocus.org,VERIFIED_REAL_CURATED
nwlink.com,Long-running companies,https://nwlink.com,VERIFIED_REAL_CURATED
ny.gov,Government,https://ny.gov,VERIFIED_REAL_CURATED
nypl.org,Nonprofits,https://nypl.org,VERIFIED_REAL_CURATED
nytimes.com,Long-running companies,https://nytimes.com,VERIFIED_REAL_CURATED
nyu.edu,Universities,https://nyu.edu,VERIFIED_REAL_CURATED
ocaml.org,Open-source/project sites,https://ocaml.org,VERIFIED_REAL_CURATED
odin-lang.org,Open-source/project sites,https://odin-lang.org,VERIFIED_REAL_CURATED
oecd.org,Nonprofits,https://oecd.org,VERIFIED_REAL_CURATED
ohio.gov,Government,https://ohio.gov,VERIFIED_REAL_CURATED
oireachtas.ie,Government,https://oireachtas.ie,VERIFIED_REAL_CURATED
okfn.org,Nonprofits,https://okfn.org,VERIFIED_REAL_CURATED
oklahoma.gov,Government,https://oklahoma.gov,VERIFIED_REAL_CURATED
oldwestbury.edu,Universities,https://oldwestbury.edu,VERIFIED_REAL_CURATED
olemiss.edu,Universities,https://olemiss.edu,VERIFIED_REAL_CURATED
openapis.org,Nonprofits,https://openapis.org,VERIFIED_REAL_CURATED
openbsd.org,Open-source/project sites,https://openbsd.org,VERIFIED_REAL_CURATED
opencontainers.org,Nonprofits,https://opencontainers.org,VERIFIED_REAL_CURATED
opencontent.org,Nonprofits,https://opencontent.org,VERIFIED_REAL_CURATED
opencv.org,Open-source/project sites,https://opencv.org,VERIFIED_REAL_CURATED
openhab.org,Open-source/project sites,https://openhab.org,VERIFIED_REAL_CURATED
openresty.org,Open-source/project sites,https://openresty.org,VERIFIED_REAL_CURATED
opensocietyfoundations.org,Nonprofits,https://opensocietyfoundations.org,VERIFIED_REAL_CURATED
openssl.org,Open-source/project sites,https://openssl.org,VERIFIED_REAL_CURATED
openstack.org,Nonprofits,https://openstack.org,VERIFIED_REAL_CURATED
opensuse.org,Open-source/project sites,https://opensuse.org,VERIFIED_REAL_CURATED
opentelemetry.io,Open-source/project sites,https://opentelemetry.io,VERIFIED_REAL_CURATED
openwrt.org,Open-source/project sites,https://openwrt.org,VERIFIED_REAL_CURATED
opnsense.org,Open-source/project sites,https://opnsense.org,VERIFIED_REAL_CURATED
oracle.com,Long-running companies,https://oracle.com,VERIFIED_REAL_CURATED
orange.com,Long-running companies,https://orange.com,VERIFIED_REAL_CURATED
orcid.org,Nonprofits,https://orcid.org,VERIFIED_REAL_CURATED
ordnancesurvey.co.uk,Government,https://ordnancesurvey.co.uk,VERIFIED_REAL_CURATED
oregon.gov,Government,https://oregon.gov,VERIFIED_REAL_CURATED
osgeo.org,Nonprofits,https://osgeo.org,VERIFIED_REAL_CURATED
osu.edu,Universities,https://osu.edu,VERIFIED_REAL_CURATED
oswego.edu,Universities,https://oswego.edu,VERIFIED_REAL_CURATED
oup.com,Long-running companies,https://oup.com,VERIFIED_REAL_CURATED
overcomingbias.com,Personal/independent sites,https://overcomingbias.com,VERIFIED_REAL_CURATED
owncloud.com,Open-source/project sites,https://owncloud.com,VERIFIED_REAL_CURATED
oxfam.org,Nonprofits,https://oxfam.org,VERIFIED_REAL_CURATED
pa.gov,Government,https://pa.gov,VERIFIED_REAL_CURATED
pace.edu,Universities,https://pace.edu,VERIFIED_REAL_CURATED
packard.org,Nonprofits,https://packard.org,VERIFIED_REAL_CURATED
panasonic.com,Long-running companies,https://panasonic.com,VERIFIED_REAL_CURATED
pandoc.org,Open-source/project sites,https://pandoc.org,VERIFIED_REAL_CURATED
panix.com,Long-running companies,https://panix.com,VERIFIED_REAL_CURATED
parl.ca,Government,https://parl.ca,VERIFIED_REAL_CURATED
parlament.ch,Government,https://parlament.ch,VERIFIED_REAL_CURATED
parlament.gv.at,Government,https://parlament.gv.at,VERIFIED_REAL_CURATED
parlament.hu,Government,https://parlament.hu,VERIFIED_REAL_CURATED
parlamento.it,Government,https://parlamento.it,VERIFIED_REAL_CURATED
parlamento.pt,Government,https://parlamento.pt,VERIFIED_REAL_CURATED
parliament.gov.sg,Government,https://parliament.gov.sg,VERIFIED_REAL_CURATED
parliament.nz,Government,https://parliament.nz,VERIFIED_REAL_CURATED
parliament.uk,Government,https://parliament.uk,VERIFIED_REAL_CURATED
passdiy.com,Personal/independent sites,https://passdiy.com,VERIFIED_REAL_CURATED
paulgraham.com,Personal/independent sites,https://paulgraham.com,VERIFIED_REAL_CURATED
peacecorps.gov,Government,https://peacecorps.gov,VERIFIED_REAL_CURATED
peertube.tv,Personal/independent sites,https://peertube.tv,VERIFIED_REAL_CURATED
pepsico.com,Long-running companies,https://pepsico.com,VERIFIED_REAL_CURATED
perl.org,Open-source/project sites,https://perl.org,VERIFIED_REAL_CURATED
perlfoundation.org,Nonprofits,https://perlfoundation.org,VERIFIED_REAL_CURATED
pewresearch.org,Nonprofits,https://pewresearch.org,VERIFIED_REAL_CURATED
pewtrusts.org,Nonprofits,https://pewtrusts.org,VERIFIED_REAL_CURATED
pfizer.com,Long-running companies,https://pfizer.com,VERIFIED_REAL_CURATED
pfsense.org,Open-source/project sites,https://pfsense.org,VERIFIED_REAL_CURATED
philips.com,Long-running companies,https://philips.com,VERIFIED_REAL_CURATED
php.net,Open-source/project sites,https://php.net,VERIFIED_REAL_CURATED
phpbb.com,Open-source/project sites,https://phpbb.com,VERIFIED_REAL_CURATED
pi-hole.net,Open-source/project sites,https://pi-hole.net,VERIFIED_REAL_CURATED
pika.page,Personal/independent sites,https://pika.page,VERIFIED_REAL_CURATED
pipeline.com,Long-running companies,https://pipeline.com,VERIFIED_REAL_CURATED
pitt.edu,Universities,https://pitt.edu,VERIFIED_REAL_CURATED
pixelfed.org,Personal/independent sites,https://pixelfed.org,VERIFIED_REAL_CURATED
planalto.gov.br,Government,https://planalto.gov.br,VERIFIED_REAL_CURATED
plasticbag.org,Personal/independent sites,https://plasticbag.org,VERIFIED_REAL_CURATED
plos.org,Nonprofits,https://plos.org,VERIFIED_REAL_CURATED
plymouth.ac.uk,Universities,https://plymouth.ac.uk,VERIFIED_REAL_CURATED
pnpm.io,Open-source/project sites,https://pnpm.io,VERIFIED_REAL_CURATED
podman.io,Open-source/project sites,https://podman.io,VERIFIED_REAL_CURATED
porsche.com,Long-running companies,https://porsche.com,VERIFIED_REAL_CURATED
port.ac.uk,Universities,https://port.ac.uk,VERIFIED_REAL_CURATED
portugal.gov.pt,Government,https://portugal.gov.pt,VERIFIED_REAL_CURATED
posco.com,Long-running companies,https://posco.com,VERIFIED_REAL_CURATED
postgresql.org,Open-source/project sites,https://postgresql.org,VERIFIED_REAL_CURATED
potsdam.edu,Universities,https://potsdam.edu,VERIFIED_REAL_CURATED
prado.es,Nonprofits,https://prado.es,VERIFIED_REAL_CURATED
princeton.edu,Universities,https://princeton.edu,VERIFIED_REAL_CURATED
prog21.dadgum.com,Personal/independent sites,https://prog21.dadgum.com,VERIFIED_REAL_CURATED
prometheus.io,Open-source/project sites,https://prometheus.io,VERIFIED_REAL_CURATED
propublica.org,Nonprofits,https://propublica.org,VERIFIED_REAL_CURATED
proxmox.com,Open-source/project sites,https://proxmox.com,VERIFIED_REAL_CURATED
putty.org,Open-source/project sites,https://putty.org,VERIFIED_REAL_CURATED
python-poetry.org,Nonprofits,https://python-poetry.org,VERIFIED_REAL_CURATED
python.org,Open-source/project sites,https://python.org,VERIFIED_REAL_CURATED
qemu.org,Open-source/project sites,https://qemu.org,VERIFIED_REAL_CURATED
qmu.ac.uk,Universities,https://qmu.ac.uk,VERIFIED_REAL_CURATED
qt.io,Open-source/project sites,https://qt.io,VERIFIED_REAL_CURATED
qub.ac.uk,Universities,https://qub.ac.uk,VERIFIED_REAL_CURATED
quirksmode.org,Personal/independent sites,https://quirksmode.org,VERIFIED_REAL_CURATED
rabbitmq.com,Open-source/project sites,https://rabbitmq.com,VERIFIED_REAL_CURATED
rachelbythebay.com,Personal/independent sites,https://rachelbythebay.com,VERIFIED_REAL_CURATED
rand.org,Nonprofits,https://rand.org,VERIFIED_REAL_CURATED
rawtext.club,Personal/independent sites,https://rawtext.club,VERIFIED_REAL_CURATED
raylib.com,Open-source/project sites,https://raylib.com,VERIFIED_REAL_CURATED
raytheon.com,Long-running companies,https://raytheon.com,VERIFIED_REAL_CURATED
reading.ac.uk,Universities,https://reading.ac.uk,VERIFIED_REAL_CURATED
redblobgames.com,Personal/independent sites,https://redblobgames.com,VERIFIED_REAL_CURATED
redcross.org,Nonprofits,https://redcross.org,VERIFIED_REAL_CURATED
redhat.com,Long-running companies,https://redhat.com,VERIFIED_REAL_CURATED
redis.io,Open-source/project sites,https://redis.io,VERIFIED_REAL_CURATED
regeringen.dk,Government,https://regeringen.dk,VERIFIED_REAL_CURATED
regeringen.se,Government,https://regeringen.se,VERIFIED_REAL_CURATED
regjeringen.no,Government,https://regjeringen.no,VERIFIED_REAL_CURATED
rekka.dev,Personal/independent sites,https://rekka.dev,VERIFIED_REAL_CURATED
renaultgroup.com,Long-running companies,https://renaultgroup.com,VERIFIED_REAL_CURATED
repsol.com,Long-running companies,https://repsol.com,VERIFIED_REAL_CURATED
reuters.com,Long-running companies,https://reuters.com,VERIFIED_REAL_CURATED
rgu.ac.uk,Universities,https://rgu.ac.uk,VERIFIED_REAL_CURATED
rhul.ac.uk,Universities,https://rhul.ac.uk,VERIFIED_REAL_CURATED
ri.gov,Government,https://ri.gov,VERIFIED_REAL_CURATED
ribbonfarm.com,Personal/independent sites,https://ribbonfarm.com,VERIFIED_REAL_CURATED
rijksmuseum.nl,Nonprofits,https://rijksmuseum.nl,VERIFIED_REAL_CURATED
rijksoverheid.nl,Government,https://rijksoverheid.nl,VERIFIED_REAL_CURATED
riksdagen.se,Government,https://riksdagen.se,VERIFIED_REAL_CURATED
rio-tinto.com,Long-running companies,https://rio-tinto.com,VERIFIED_REAL_CURATED
rjlipton.wpcomstaging.com,Personal/independent sites,https://rjlipton.wpcomstaging.com,VERIFIED_REAL_CURATED
roche.com,Long-running companies,https://roche.com,VERIFIED_REAL_CURATED
rochester.edu,Universities,https://rochester.edu,VERIFIED_REAL_CURATED
rockefellerfoundation.org,Nonprofits,https://rockefellerfoundation.org,VERIFIED_REAL_CURATED
rockpapershotgun.com,Personal/independent sites,https://rockpapershotgun.com,VERIFIED_REAL_CURATED
roehampton.ac.uk,Universities,https://roehampton.ac.uk,VERIFIED_REAL_CURATED
rolls-royce.com,Long-running companies,https://rolls-royce.com,VERIFIED_REAL_CURATED
rotary.org,Nonprofits,https://rotary.org,VERIFIED_REAL_CURATED
roughtype.com,Personal/independent sites,https://roughtype.com,VERIFIED_REAL_CURATED
rpi.edu,Universities,https://rpi.edu,VERIFIED_REAL_CURATED
rsf.org,Nonprofits,https://rsf.org,VERIFIED_REAL_CURATED
ruby-lang.org,Open-source/project sites,https://ruby-lang.org,VERIFIED_REAL_CURATED
rust-foundation.org,Nonprofits,https://rust-foundation.org,VERIFIED_REAL_CURATED
rust-lang.org,Open-source/project sites,https://rust-lang.org,VERIFIED_REAL_CURATED
rwjf.org,Nonprofits,https://rwjf.org,VERIFIED_REAL_CURATED
salford.ac.uk,Universities,https://salford.ac.uk,VERIFIED_REAL_CURATED
salk.edu,Nonprofits,https://salk.edu,VERIFIED_REAL_CURATED
salvationarmy.org,Nonprofits,https://salvationarmy.org,VERIFIED_REAL_CURATED
samba.org,Open-source/project sites,https://samba.org,VERIFIED_REAL_CURATED
sap.com,Long-running companies,https://sap.com,VERIFIED_REAL_CURATED
savethechildren.org,Nonprofits,https://savethechildren.org,VERIFIED_REAL_CURATED
sba.gov,Government,https://sba.gov,VERIFIED_REAL_CURATED
sc.edu,Universities,https://sc.edu,VERIFIED_REAL_CURATED
sc.gov,Government,https://sc.gov,VERIFIED_REAL_CURATED
scb.se,Government,https://scb.se,VERIFIED_REAL_CURATED
schneier.com,Personal/independent sites,https://schneier.com,VERIFIED_REAL_CURATED
scottaaronson.blog,Personal/independent sites,https://scottaaronson.blog,VERIFIED_REAL_CURATED
scripps.edu,Nonprofits,https://scripps.edu,VERIFIED_REAL_CURATED
scripting.com,Personal/independent sites,https://scripting.com,VERIFIED_REAL_CURATED
sd.gov,Government,https://sd.gov,VERIFIED_REAL_CURATED
sdf-eu.org,Personal/independent sites,https://sdf-eu.org,VERIFIED_REAL_CURATED
sdf.org,Personal/independent sites,https://sdf.org,VERIFIED_REAL_CURATED
sdstate.edu,Universities,https://sdstate.edu,VERIFIED_REAL_CURATED
sdsu.edu,Universities,https://sdsu.edu,VERIFIED_REAL_CURATED
sec.gov,Government,https://sec.gov,VERIFIED_REAL_CURATED
sega.com,Long-running companies,https://sega.com,VERIFIED_REAL_CURATED
sejm.gov.pl,Government,https://sejm.gov.pl,VERIFIED_REAL_CURATED
senado.gob.mx,Government,https://senado.gob.mx,VERIFIED_REAL_CURATED
senat.cz,Government,https://senat.cz,VERIFIED_REAL_CURATED
senat.fr,Government,https://senat.fr,VERIFIED_REAL_CURATED
senate.be,Government,https://senate.be,VERIFIED_REAL_CURATED
senate.gov,Government,https://senate.gov,VERIFIED_REAL_CURATED
service-public.fr,Government,https://service-public.fr,VERIFIED_REAL_CURATED
sfasu.edu,Universities,https://sfasu.edu,VERIFIED_REAL_CURATED
sfsu.edu,Universities,https://sfsu.edu,VERIFIED_REAL_CURATED
sgi.com,Long-running companies,https://sgi.com,VERIFIED_REAL_CURATED
sgul.ac.uk,Universities,https://sgul.ac.uk,VERIFIED_REAL_CURATED
sheffield.ac.uk,Universities,https://sheffield.ac.uk,VERIFIED_REAL_CURATED
shell.com,Long-running companies,https://shell.com,VERIFIED_REAL_CURATED
shsu.edu,Universities,https://shsu.edu,VERIFIED_REAL_CURATED
siemens.com,Long-running companies,https://siemens.com,VERIFIED_REAL_CURATED
sierra.com,Long-running companies,https://sierra.com,VERIFIED_REAL_CURATED
sierraclub.org,Nonprofits,https://sierraclub.org,VERIFIED_REAL_CURATED
simonwillison.net,Personal/independent sites,https://simonwillison.net,VERIFIED_REAL_CURATED
simplebits.com,Personal/independent sites,https://simplebits.com,VERIFIED_REAL_CURATED
singstat.gov.sg,Government,https://singstat.gov.sg,VERIFIED_REAL_CURATED
sipri.org,Nonprofits,https://sipri.org,VERIFIED_REAL_CURATED
skidmore.edu,Universities,https://skidmore.edu,VERIFIED_REAL_CURATED
slashdot.org,Personal/independent sites,https://slashdot.org,VERIFIED_REAL_CURATED
slatestarcodex.com,Personal/independent sites,https://slatestarcodex.com,VERIFIED_REAL_CURATED
smithsonian.org,Nonprofits,https://smithsonian.org,VERIFIED_REAL_CURATED
snook.ca,Personal/independent sites,https://snook.ca,VERIFIED_REAL_CURATED
solr.apache.org,Open-source/project sites,https://solr.apache.org,VERIFIED_REAL_CURATED
sony.com,Long-running companies,https://sony.com,VERIFIED_REAL_CURATED
soton.ac.uk,Universities,https://soton.ac.uk,VERIFIED_REAL_CURATED
sound-au.com,Personal/independent sites,https://sound-au.com,VERIFIED_REAL_CURATED
sourcehut.org,Open-source/project sites,https://sourcehut.org,VERIFIED_REAL_CURATED
southalabama.edu,Universities,https://southalabama.edu,VERIFIED_REAL_CURATED
spacejam.com,Personal/independent sites,https://spacejam.com,VERIFIED_REAL_CURATED
sparcopen.org,Nonprofits,https://sparcopen.org,VERIFIED_REAL_CURATED
spark.apache.org,Open-source/project sites,https://spark.apache.org,VERIFIED_REAL_CURATED
springer.com,Long-running companies,https://springer.com,VERIFIED_REAL_CURATED
sqlite.org,Open-source/project sites,https://sqlite.org,VERIFIED_REAL_CURATED
square-enix.com,Long-running companies,https://square-enix.com,VERIFIED_REAL_CURATED
squid-cache.org,Open-source/project sites,https://squid-cache.org,VERIFIED_REAL_CURATED
ssa.gov,Government,https://ssa.gov,VERIFIED_REAL_CURATED
ssb.no,Government,https://ssb.no,VERIFIED_REAL_CURATED
sta.li,Personal/independent sites,https://sta.li,VERIFIED_REAL_CURATED
stallman.org,Personal/independent sites,https://stallman.org,VERIFIED_REAL_CURATED
stanford.edu,Universities,https://stanford.edu,VERIFIED_REAL_CURATED
stat.fi,Government,https://stat.fi,VERIFIED_REAL_CURATED
stat.go.jp,Government,https://stat.go.jp,VERIFIED_REAL_CURATED
stat.gov.pl,Government,https://stat.gov.pl,VERIFIED_REAL_CURATED
statcan.gc.ca,Government,https://statcan.gc.ca,VERIFIED_REAL_CURATED
state.gov,Government,https://state.gov,VERIFIED_REAL_CURATED
statistics.gr,Government,https://statistics.gr,VERIFIED_REAL_CURATED
statistik.at,Government,https://statistik.at,VERIFIED_REAL_CURATED
statssa.gov.za,Government,https://statssa.gov.za,VERIFIED_REAL_CURATED
stbonaventure.edu,Universities,https://stbonaventure.edu,VERIFIED_REAL_CURATED
stellantis.com,Long-running companies,https://stellantis.com,VERIFIED_REAL_CURATED
steve-yegge.blogspot.com,Personal/independent sites,https://steve-yegge.blogspot.com,VERIFIED_REAL_CURATED
steveblank.com,Personal/independent sites,https://steveblank.com,VERIFIED_REAL_CURATED
stevepavlina.com,Personal/independent sites,https://stevepavlina.com,VERIFIED_REAL_CURATED
stir.ac.uk,Universities,https://stir.ac.uk,VERIFIED_REAL_CURATED
stjohns.edu,Universities,https://stjohns.edu,VERIFIED_REAL_CURATED
stjude.org,Nonprofits,https://stjude.org,VERIFIED_REAL_CURATED
stopdesign.com,Personal/independent sites,https://stopdesign.com,VERIFIED_REAL_CURATED
stortinget.no,Government,https://stortinget.no,VERIFIED_REAL_CURATED
stuffandnonsense.co.uk,Personal/independent sites,https://stuffandnonsense.co.uk,VERIFIED_REAL_CURATED
subaru.com,Long-running companies,https://subaru.com,VERIFIED_REAL_CURATED
subtraction.com,Personal/independent sites,https://subtraction.com,VERIFIED_REAL_CURATED
subversion.apache.org,Open-source/project sites,https://subversion.apache.org,VERIFIED_REAL_CURATED
suckless.org,Personal/independent sites,https://suckless.org,VERIFIED_REAL_CURATED
sun.com,Long-running companies,https://sun.com,VERIFIED_REAL_CURATED
suny.edu,Universities,https://suny.edu,VERIFIED_REAL_CURATED
supremecourt.gov,Government,https://supremecourt.gov,VERIFIED_REAL_CURATED
surrey.ac.uk,Universities,https://surrey.ac.uk,VERIFIED_REAL_CURATED
swyx.io,Personal/independent sites,https://swyx.io,VERIFIED_REAL_CURATED
syncthing.net,Open-source/project sites,https://syncthing.net,VERIFIED_REAL_CURATED
syracuse.edu,Universities,https://syracuse.edu,VERIFIED_REAL_CURATED
tandem.com,Long-running companies,https://tandem.com,VERIFIED_REAL_CURATED
tbray.org,Personal/independent sites,https://tbray.org,VERIFIED_REAL_CURATED
tedunangst.com,Personal/independent sites,https://tedunangst.com,VERIFIED_REAL_CURATED
telefonica.com,Long-running companies,https://telefonica.com,VERIFIED_REAL_CURATED
telekom.com,Long-running companies,https://telekom.com,VERIFIED_REAL_CURATED
telstra.com.au,Long-running companies,https://telstra.com.au,VERIFIED_REAL_CURATED
temple.edu,Universities,https://temple.edu,VERIFIED_REAL_CURATED
terraform.io,Open-source/project sites,https://terraform.io,VERIFIED_REAL_CURATED
terrytao.wordpress.com,Personal/independent sites,https://terrytao.wordpress.com,VERIFIED_REAL_CURATED
texas.gov,Government,https://texas.gov,VERIFIED_REAL_CURATED
textfiles.com,Personal/independent sites,https://textfiles.com,VERIFIED_REAL_CURATED
theoldnet.com,Personal/independent sites,https://theoldnet.com,VERIFIED_REAL_CURATED
theworld.com,Long-running companies,https://theworld.com,VERIFIED_REAL_CURATED
thunix.net,Personal/independent sites,https://thunix.net,VERIFIED_REAL_CURATED
thyssenkrupp.com,Long-running companies,https://thyssenkrupp.com,VERIFIED_REAL_CURATED
ti.com,Long-running companies,https://ti.com,VERIFIED_REAL_CURATED
tic80.com,Personal/independent sites,https://tic80.com,VERIFIED_REAL_CURATED
tigsource.com,Personal/independent sites,https://tigsource.com,VERIFIED_REAL_CURATED
tilde.club,Personal/independent sites,https://tilde.club,VERIFIED_REAL_CURATED
tilde.team,Personal/independent sites,https://tilde.team,VERIFIED_REAL_CURATED
tilde.town,Personal/independent sites,https://tilde.town,VERIFIED_REAL_CURATED
tildes.net,Personal/independent sites,https://tildes.net,VERIFIED_REAL_CURATED
tildeverse.org,Personal/independent sites,https://tildeverse.org,VERIFIED_REAL_CURATED
timvieira.github.io,Personal/independent sites,https://timvieira.github.io,VERIFIED_REAL_CURATED
tmux.github.io,Open-source/project sites,https://tmux.github.io,VERIFIED_REAL_CURATED
tn.gov,Government,https://tn.gov,VERIFIED_REAL_CURATED
toastytech.com,Personal/independent sites,https://toastytech.com,VERIFIED_REAL_CURATED
torproject.org,Open-source/project sites,https://torproject.org,VERIFIED_REAL_CURATED
toshiba.com,Long-running companies,https://toshiba.com,VERIFIED_REAL_CURATED
towson.edu,Universities,https://towson.edu,VERIFIED_REAL_CURATED
toyota.com,Long-running companies,https://toyota.com,VERIFIED_REAL_CURATED
traefik.io,Open-source/project sites,https://traefik.io,VERIFIED_REAL_CURATED
transparency.org,Nonprofits,https://transparency.org,VERIFIED_REAL_CURATED
transportation.gov,Government,https://transportation.gov,VERIFIED_REAL_CURATED
treasury.gov,Government,https://treasury.gov,VERIFIED_REAL_CURATED
treasury.gov.au,Government,https://treasury.gov.au,VERIFIED_REAL_CURATED
troyhunt.com,Personal/independent sites,https://troyhunt.com,VERIFIED_REAL_CURATED
truenas.com,Open-source/project sites,https://truenas.com,VERIFIED_REAL_CURATED
ttu.edu,Universities,https://ttu.edu,VERIFIED_REAL_CURATED
tufts.edu,Universities,https://tufts.edu,VERIFIED_REAL_CURATED
tulane.edu,Universities,https://tulane.edu,VERIFIED_REAL_CURATED
tweedekamer.nl,Government,https://tweedekamer.nl,VERIFIED_REAL_CURATED
txstate.edu,Universities,https://txstate.edu,VERIFIED_REAL_CURATED
ua.edu,Universities,https://ua.edu,VERIFIED_REAL_CURATED
uab.edu,Universities,https://uab.edu,VERIFIED_REAL_CURATED
uah.edu,Universities,https://uah.edu,VERIFIED_REAL_CURATED
ubuntu.com,Open-source/project sites,https://ubuntu.com,VERIFIED_REAL_CURATED
ucf.edu,Universities,https://ucf.edu,VERIFIED_REAL_CURATED
uci.edu,Universities,https://uci.edu,VERIFIED_REAL_CURATED
ucl.ac.uk,Universities,https://ucl.ac.uk,VERIFIED_REAL_CURATED
ucla.edu,Universities,https://ucla.edu,VERIFIED_REAL_CURATED
ucmerced.edu,Universities,https://ucmerced.edu,VERIFIED_REAL_CURATED
ucsb.edu,Universities,https://ucsb.edu,VERIFIED_REAL_CURATED
ucsf.edu,Universities,https://ucsf.edu,VERIFIED_REAL_CURATED
udel.edu,Universities,https://udel.edu,VERIFIED_REAL_CURATED
uel.ac.uk,Universities,https://uel.ac.uk,VERIFIED_REAL_CURATED
ufl.edu,Universities,https://ufl.edu,VERIFIED_REAL_CURATED
uga.edu,Universities,https://uga.edu,VERIFIED_REAL_CURATED
uh.edu,Universities,https://uh.edu,VERIFIED_REAL_CURATED
uidaho.edu,Universities,https://uidaho.edu,VERIFIED_REAL_CURATED
uiowa.edu,Universities,https://uiowa.edu,VERIFIED_REAL_CURATED
uiuc.edu,Universities,https://uiuc.edu,VERIFIED_REAL_CURATED
ulm.edu,Universities,https://ulm.edu,VERIFIED_REAL_CURATED
ulster.ac.uk,Universities,https://ulster.ac.uk,VERIFIED_REAL_CURATED
umd.edu,Universities,https://umd.edu,VERIFIED_REAL_CURATED
umn.edu,Universities,https://umn.edu,VERIFIED_REAL_CURATED
umt.edu,Universities,https://umt.edu,VERIFIED_REAL_CURATED
un.org,Nonprofits,https://un.org,VERIFIED_REAL_CURATED
unc.edu,Universities,https://unc.edu,VERIFIED_REAL_CURATED
uncg.edu,Universities,https://uncg.edu,VERIFIED_REAL_CURATED
uncw.edu,Universities,https://uncw.edu,VERIFIED_REAL_CURATED
und.edu,Universities,https://und.edu,VERIFIED_REAL_CURATED
undp.org,Nonprofits,https://undp.org,VERIFIED_REAL_CURATED
unesco.org,Nonprofits,https://unesco.org,VERIFIED_REAL_CURATED
unf.edu,Universities,https://unf.edu,VERIFIED_REAL_CURATED
unh.edu,Universities,https://unh.edu,VERIFIED_REAL_CURATED
unhcr.org,Nonprofits,https://unhcr.org,VERIFIED_REAL_CURATED
unicef.org,Nonprofits,https://unicef.org,VERIFIED_REAL_CURATED
unilever.com,Long-running companies,https://unilever.com,VERIFIED_REAL_CURATED
unisys.com,Long-running companies,https://unisys.com,VERIFIED_REAL_CURATED
unlv.edu,Universities,https://unlv.edu,VERIFIED_REAL_CURATED
unm.edu,Universities,https://unm.edu,VERIFIED_REAL_CURATED
uno.edu,Universities,https://uno.edu,VERIFIED_REAL_CURATED
unr.edu,Universities,https://unr.edu,VERIFIED_REAL_CURATED
unt.edu,Universities,https://unt.edu,VERIFIED_REAL_CURATED
upenn.edu,Universities,https://upenn.edu,VERIFIED_REAL_CURATED
uri.edu,Universities,https://uri.edu,VERIFIED_REAL_CURATED
usa.gov,Government,https://usa.gov,VERIFIED_REAL_CURATED
usc.edu,Universities,https://usc.edu,VERIFIED_REAL_CURATED
usda.gov,Government,https://usda.gov,VERIFIED_REAL_CURATED
usemod.com,Personal/independent sites,https://usemod.com,VERIFIED_REAL_CURATED
usf.edu,Universities,https://usf.edu,VERIFIED_REAL_CURATED
usgs.gov,Government,https://usgs.gov,VERIFIED_REAL_CURATED
uspto.gov,Government,https://uspto.gov,VERIFIED_REAL_CURATED
utah.edu,Universities,https://utah.edu,VERIFIED_REAL_CURATED
utah.gov,Government,https://utah.gov,VERIFIED_REAL_CURATED
utep.edu,Universities,https://utep.edu,VERIFIED_REAL_CURATED
utexas.edu,Universities,https://utexas.edu,VERIFIED_REAL_CURATED
utica.edu,Universities,https://utica.edu,VERIFIED_REAL_CURATED
utk.edu,Universities,https://utk.edu,VERIFIED_REAL_CURATED
uvm.edu,Universities,https://uvm.edu,VERIFIED_REAL_CURATED
uws.ac.uk,Universities,https://uws.ac.uk,VERIFIED_REAL_CURATED
uwyo.edu,Universities,https://uwyo.edu,VERIFIED_REAL_CURATED
valgrind.org,Open-source/project sites,https://valgrind.org,VERIFIED_REAL_CURATED
valtioneuvosto.fi,Government,https://valtioneuvosto.fi,VERIFIED_REAL_CURATED
valvesoftware.com,Long-running companies,https://valvesoftware.com,VERIFIED_REAL_CURATED
vanderbilt.edu,Universities,https://vanderbilt.edu,VERIFIED_REAL_CURATED
varnish-cache.org,Open-source/project sites,https://varnish-cache.org,VERIFIED_REAL_CURATED
vassar.edu,Universities,https://vassar.edu,VERIFIED_REAL_CURATED
verizon.com,Long-running companies,https://verizon.com,VERIFIED_REAL_CURATED
vermont.gov,Government,https://vermont.gov,VERIFIED_REAL_CURATED
videolan.org,Open-source/project sites,https://videolan.org,VERIFIED_REAL_CURATED
villanova.edu,Universities,https://villanova.edu,VERIFIED_REAL_CURATED
vim.org,Open-source/project sites,https://vim.org,VERIFIED_REAL_CURATED
virginia.edu,Universities,https://virginia.edu,VERIFIED_REAL_CURATED
virginia.gov,Government,https://virginia.gov,VERIFIED_REAL_CURATED
virtualbox.org,Open-source/project sites,https://virtualbox.org,VERIFIED_REAL_CURATED
vlada.cz,Government,https://vlada.cz,VERIFIED_REAL_CURATED
vlang.io,Open-source/project sites,https://vlang.io,VERIFIED_REAL_CURATED
vmi.edu,Universities,https://vmi.edu,VERIFIED_REAL_CURATED
volkswagen.com,Long-running companies,https://volkswagen.com,VERIFIED_REAL_CURATED
volvo.com,Long-running companies,https://volvo.com,VERIFIED_REAL_CURATED
vt.edu,Universities,https://vt.edu,VERIFIED_REAL_CURATED
w3.org,Nonprofits,https://w3.org,VERIFIED_REAL_CURATED
wa.gov,Government,https://wa.gov,VERIFIED_REAL_CURATED
warwick.ac.uk,Universities,https://warwick.ac.uk,VERIFIED_REAL_CURATED
washington.edu,Universities,https://washington.edu,VERIFIED_REAL_CURATED
waxy.org,Personal/independent sites,https://waxy.org,VERIFIED_REAL_CURATED
wellcome.org,Nonprofits,https://wellcome.org,VERIFIED_REAL_CURATED
wells.edu,Universities,https://wells.edu,VERIFIED_REAL_CURATED
westminster.ac.uk,Universities,https://westminster.ac.uk,VERIFIED_REAL_CURATED
wfp.org,Nonprofits,https://wfp.org,VERIFIED_REAL_CURATED
wfu.edu,Universities,https://wfu.edu,VERIFIED_REAL_CURATED
whitehouse.gov,Government,https://whitehouse.gov,VERIFIED_REAL_CURATED
who.int,Nonprofits,https://who.int,VERIFIED_REAL_CURATED
wiby.me,Personal/independent sites,https://wiby.me,VERIFIED_REAL_CURATED
wikimedia.org,Nonprofits,https://wikimedia.org,VERIFIED_REAL_CURATED
wikipedia.org,Nonprofits,https://wikipedia.org,VERIFIED_REAL_CURATED
wiley.com,Long-running companies,https://wiley.com,VERIFIED_REAL_CURATED
windowsonthetheory.org,Personal/independent sites,https://windowsonthetheory.org,VERIFIED_REAL_CURATED
winehq.org,Open-source/project sites,https://winehq.org,VERIFIED_REAL_CURATED
wipo.int,Nonprofits,https://wipo.int,VERIFIED_REAL_CURATED
wireguard.com,Open-source/project sites,https://wireguard.com,VERIFIED_REAL_CURATED
wireshark.org,Open-source/project sites,https://wireshark.org,VERIFIED_REAL_CURATED
wisc.edu,Universities,https://wisc.edu,VERIFIED_REAL_CURATED
wisconsin.gov,Government,https://wisconsin.gov,VERIFIED_REAL_CURATED
wlu.edu,Universities,https://wlu.edu,VERIFIED_REAL_CURATED
wmo.int,Nonprofits,https://wmo.int,VERIFIED_REAL_CURATED
world.std.com,Personal/independent sites,https://world.std.com,VERIFIED_REAL_CURATED
worldbank.org,Nonprofits,https://worldbank.org,VERIFIED_REAL_CURATED
worldwildlife.org,Nonprofits,https://worldwildlife.org,VERIFIED_REAL_CURATED
wri.org,Nonprofits,https://wri.org,VERIFIED_REAL_CURATED
wsj.com,Long-running companies,https://wsj.com,VERIFIED_REAL_CURATED
wsu.edu,Universities,https://wsu.edu,VERIFIED_REAL_CURATED
wto.org,Nonprofits,https://wto.org,VERIFIED_REAL_CURATED
wv.gov,Government,https://wv.gov,VERIFIED_REAL_CURATED
wwf.org,Nonprofits,https://wwf.org,VERIFIED_REAL_CURATED
wxwidgets.org,Open-source/project sites,https://wxwidgets.org,VERIFIED_REAL_CURATED
wyoming.gov,Government,https://wyoming.gov,VERIFIED_REAL_CURATED
x.org,Open-source/project sites,https://x.org,VERIFIED_REAL_CURATED
xeiaso.net,Personal/independent sites,https://xeiaso.net,VERIFIED_REAL_CURATED
xerox.com,Long-running companies,https://xerox.com,VERIFIED_REAL_CURATED
xfce.org,Open-source/project sites,https://xfce.org,VERIFIED_REAL_CURATED
xmpp.org,Open-source/project sites,https://xmpp.org,VERIFIED_REAL_CURATED
xxiivv.com,Personal/independent sites,https://xxiivv.com,VERIFIED_REAL_CURATED
yale.edu,Universities,https://yale.edu,VERIFIED_REAL_CURATED
ycombinator.com,Personal/independent sites,https://ycombinator.com,VERIFIED_REAL_CURATED
zeldman.com,Personal/independent sites,https://zeldman.com,VERIFIED_REAL_CURATED
zephoria.org,Personal/independent sites,https://zephoria.org,VERIFIED_REAL_CURATED
zeromq.org,Open-source/project sites,https://zeromq.org,VERIFIED_REAL_CURATED
ziglang.org,Open-source/project sites,https://ziglang.org,VERIFIED_REAL_CURATED
zombo.com,Personal/independent sites,https://zombo.com,VERIFIED_REAL_CURATED
zsh.org,Open-source/project sites,https://zsh.org,VERIFIED_REAL_CURATED
