study_id,domain,category,canonical_url,source_type,source_name,source_reference
study-0001,abertay.ac.uk,Universities,https://abertay.ac.uk,PUBLIC_DATASET,Abertay University,HESA UK
study-0002,bath.ac.uk,Universities,https://bath.ac.uk,PUBLIC_DATASET,University of Bath,HESA UK
study-0003,baylor.edu,Universities,https://baylor.edu,PUBLIC_DATASET,Baylor University,US IPEDS
study-0004,bbk.ac.uk,Universities,https://bbk.ac.uk,PUBLIC_DATASET,Birkbeck,HESA UK
study-0005,binghamton.edu,Universities,https://binghamton.edu,PUBLIC_DATASET,Binghamton University,US IPEDS
study-0006,brunel.ac.uk,Universities,https://brunel.ac.uk,PUBLIC_DATASET,Brunel University London,HESA UK
study-0007,caltech.edu,Universities,https://caltech.edu,PUBLIC_DATASET,Caltech,US IPEDS
study-0008,cardiffmet.ac.uk,Universities,https://cardiffmet.ac.uk,PUBLIC_DATASET,Cardiff Metropolitan University,HESA UK
study-0009,case.edu,Universities,https://case.edu,PUBLIC_DATASET,Case Western Reserve University,US IPEDS
study-0010,cazenovia.edu,Universities,https://cazenovia.edu,PUBLIC_DATASET,Cazenovia College,US IPEDS
study-0011,clemson.edu,Universities,https://clemson.edu,PUBLIC_DATASET,Clemson University,US IPEDS
study-0012,colorado.edu,Universities,https://colorado.edu,PUBLIC_DATASET,CU Boulder,US IPEDS
study-0013,cornell.edu,Universities,https://cornell.edu,PUBLIC_DATASET,Cornell University,US IPEDS
study-0014,cuny.edu,Universities,https://cuny.edu,PUBLIC_DATASET,CUNY System,US IPEDS
study-0015,ecu.edu,Universities,https://ecu.edu,PUBLIC_DATASET,East Carolina University,US IPEDS
study-0016,ed.ac.uk,Universities,https://ed.ac.uk,PUBLIC_DATASET,University of Edinburgh,HESA UK
study-0017,fsu.edu,Universities,https://fsu.edu,PUBLIC_DATASET,Florida State University,US IPEDS
study-0018,furman.edu,Universities,https://furman.edu,PUBLIC_DATASET,Furman University,US IPEDS
study-0019,harvard.edu,Universities,https://harvard.edu,PUBLIC_DATASET,Harvard University,US IPEDS
study-0020,hofstra.edu,Universities,https://hofstra.edu,PUBLIC_DATASET,Hofstra University,US IPEDS
study-0021,hull.ac.uk,Universities,https://hull.ac.uk,PUBLIC_DATASET,University of Hull,HESA UK
study-0022,ithaca.edu,Universities,https://ithaca.edu,PUBLIC_DATASET,Ithaca College,US IPEDS
study-0023,jhu.edu,Universities,https://jhu.edu,PUBLIC_DATASET,Johns Hopkins University,US IPEDS
study-0024,kcl.ac.uk,Universities,https://kcl.ac.uk,PUBLIC_DATASET,King's College London,HESA UK
study-0025,ksu.edu,Universities,https://ksu.edu,PUBLIC_DATASET,Kansas State University,US IPEDS
study-0026,lehigh.edu,Universities,https://lehigh.edu,PUBLIC_DATASET,Lehigh University,US IPEDS
study-0027,lemoine.edu,Universities,https://lemoine.edu,PUBLIC_DATASET,Le Moyne College,US IPEDS
study-0028,lsbu.ac.uk,Universities,https://lsbu.ac.uk,PUBLIC_DATASET,London South Bank University,HESA UK
study-0029,nau.edu,Universities,https://nau.edu,PUBLIC_DATASET,Northern Arizona University,US IPEDS
study-0030,ncsu.edu,Universities,https://ncsu.edu,PUBLIC_DATASET,NC State University,US IPEDS
study-0031,nd.edu,Universities,https://nd.edu,PUBLIC_DATASET,University of Notre Dame,US IPEDS
study-0032,niagara.edu,Universities,https://niagara.edu,PUBLIC_DATASET,Niagara University,US IPEDS
study-0033,nmsu.edu,Universities,https://nmsu.edu,PUBLIC_DATASET,New Mexico State University,US IPEDS
study-0034,oldwestbury.edu,Universities,https://oldwestbury.edu,PUBLIC_DATASET,SUNY Old Westbury,US IPEDS
study-0035,olemiss.edu,Universities,https://olemiss.edu,PUBLIC_DATASET,University of Mississippi,US IPEDS
study-0036,qub.ac.uk,Universities,https://qub.ac.uk,PUBLIC_DATASET,Queen's University Belfast,HESA UK
study-0037,reading.ac.uk,Universities,https://reading.ac.uk,PUBLIC_DATASET,University of Reading,HESA UK
study-0038,salford.ac.uk,Universities,https://salford.ac.uk,PUBLIC_DATASET,University of Salford,HESA UK
study-0039,sdsu.edu,Universities,https://sdsu.edu,PUBLIC_DATASET,San Diego State University,US IPEDS
study-0040,stjohns.edu,Universities,https://stjohns.edu,PUBLIC_DATASET,St. John's University,US IPEDS
study-0041,tulane.edu,Universities,https://tulane.edu,PUBLIC_DATASET,Tulane University,US IPEDS
study-0042,ua.edu,Universities,https://ua.edu,PUBLIC_DATASET,University of Alabama,US IPEDS
study-0043,uah.edu,Universities,https://uah.edu,PUBLIC_DATASET,UAH,US IPEDS
study-0044,uci.edu,Universities,https://uci.edu,PUBLIC_DATASET,UC Irvine,US IPEDS
study-0045,uel.ac.uk,Universities,https://uel.ac.uk,PUBLIC_DATASET,University of East London,HESA UK
study-0046,ufl.edu,Universities,https://ufl.edu,PUBLIC_DATASET,University of Florida,US IPEDS
study-0047,uga.edu,Universities,https://uga.edu,PUBLIC_DATASET,University of Georgia,US IPEDS
study-0048,uidaho.edu,Universities,https://uidaho.edu,PUBLIC_DATASET,University of Idaho,US IPEDS
study-0049,uncg.edu,Universities,https://uncg.edu,PUBLIC_DATASET,UNC Greensboro,US IPEDS
study-0050,unf.edu,Universities,https://unf.edu,PUBLIC_DATASET,UNF,US IPEDS
study-0051,unlv.edu,Universities,https://unlv.edu,PUBLIC_DATASET,UNLV,US IPEDS
study-0052,upenn.edu,Universities,https://upenn.edu,PUBLIC_DATASET,University of Pennsylvania,US IPEDS
study-0053,utk.edu,Universities,https://utk.edu,PUBLIC_DATASET,University of Tennessee,US IPEDS
study-0054,uvm.edu,Universities,https://uvm.edu,PUBLIC_DATASET,University of Vermont,US IPEDS
study-0055,vanderbilt.edu,Universities,https://vanderbilt.edu,PUBLIC_DATASET,Vanderbilt University,US IPEDS
study-0056,virginia.edu,Universities,https://virginia.edu,PUBLIC_DATASET,University of Virginia,US IPEDS
study-0057,vmi.edu,Universities,https://vmi.edu,PUBLIC_DATASET,VMI,US IPEDS
study-0058,vt.edu,Universities,https://vt.edu,PUBLIC_DATASET,Virginia Tech,US IPEDS
study-0059,warwick.ac.uk,Universities,https://warwick.ac.uk,PUBLIC_DATASET,University of Warwick,HESA UK
study-0060,wlu.edu,Universities,https://wlu.edu,PUBLIC_DATASET,Washington and Lee University,US IPEDS
study-0061,assemblee-nationale.fr,Government,https://assemblee-nationale.fr,OFFICIAL_SOURCE,Assemblee Nationale,France Legislative
study-0062,bfs.admin.ch,Government,https://bfs.admin.ch,OFFICIAL_SOURCE,BFS Switzerland,Switzerland Statistics
study-0063,bls.gov,Government,https://bls.gov,OFFICIAL_SOURCE,BLS,US Statistical
study-0064,boe.es,Government,https://boe.es,OFFICIAL_SOURCE,BOE Spain,Spain Official
study-0065,bund.de,Government,https://bund.de,OFFICIAL_SOURCE,Bund.de,Germany Federal
study-0066,cbo.gov,Government,https://cbo.gov,OFFICIAL_SOURCE,CBO,US Legislative
study-0067,defense.gov,Government,https://defense.gov,OFFICIAL_SOURCE,Department of Defense,US Cabinet
study-0068,delaware.gov,Government,https://delaware.gov,OFFICIAL_SOURCE,Delaware,US State
study-0069,dst.dk,Government,https://dst.dk,OFFICIAL_SOURCE,DST Denmark,Denmark Statistics
study-0070,ed.gov,Government,https://ed.gov,OFFICIAL_SOURCE,Department of Education,US Cabinet
study-0071,fl.gov,Government,https://fl.gov,OFFICIAL_SOURCE,Florida,US State
study-0072,ft.dk,Government,https://ft.dk,OFFICIAL_SOURCE,Folketinget Denmark,Denmark Legislative
study-0073,gao.gov,Government,https://gao.gov,OFFICIAL_SOURCE,GAO,US Legislative
study-0074,gob.cl,Government,https://gob.cl,OFFICIAL_SOURCE,Gob.cl Chile,Chile Federal
study-0075,gob.mx,Government,https://gob.mx,OFFICIAL_SOURCE,Gob.mx Mexico,Mexico Federal
study-0076,gov.gr,Government,https://gov.gr,OFFICIAL_SOURCE,Gov.gr Greece,Greece Federal
study-0077,gov.ie,Government,https://gov.ie,OFFICIAL_SOURCE,Gov.ie,Ireland Federal
study-0078,gov.uk,Government,https://gov.uk,OFFICIAL_SOURCE,UK Gov,UK National
study-0079,gov.wales,Government,https://gov.wales,OFFICIAL_SOURCE,Welsh Government,Wales UK
study-0080,gov.za,Government,https://gov.za,OFFICIAL_SOURCE,Gov.za South Africa,South Africa Federal
study-0081,govt.nz,Government,https://govt.nz,OFFICIAL_SOURCE,New Zealand Gov,NZ Federal
study-0082,hellenicparliament.gr,Government,https://hellenicparliament.gr,OFFICIAL_SOURCE,Hellenic Parliament,Greece Legislative
study-0083,illinois.gov,Government,https://illinois.gov,OFFICIAL_SOURCE,Illinois,US State
study-0084,india.gov.in,Government,https://india.gov.in,OFFICIAL_SOURCE,India.gov.in,India Federal
study-0085,iowa.gov,Government,https://iowa.gov,OFFICIAL_SOURCE,Iowa,US State
study-0086,istat.it,Government,https://istat.it,OFFICIAL_SOURCE,ISTAT Italy,Italy Statistics
study-0087,japan.go.jp,Government,https://japan.go.jp,OFFICIAL_SOURCE,Japan.go.jp,Japan Federal
study-0088,justice.gov,Government,https://justice.gov,OFFICIAL_SOURCE,Department of Justice,US Cabinet
study-0089,kentucky.gov,Government,https://kentucky.gov,OFFICIAL_SOURCE,Kentucky,US State
study-0090,lamoncloa.gob.es,Government,https://lamoncloa.gob.es,OFFICIAL_SOURCE,La Moncloa,Spain Executive
study-0091,legifrance.gouv.fr,Government,https://legifrance.gouv.fr,OFFICIAL_SOURCE,Legifrance,France Legal
study-0092,mn.gov,Government,https://mn.gov,OFFICIAL_SOURCE,Minnesota,US State
study-0093,nc.gov,Government,https://nc.gov,OFFICIAL_SOURCE,North Carolina,US State
study-0094,nd.gov,Government,https://nd.gov,OFFICIAL_SOURCE,North Dakota,US State
study-0095,nebraska.gov,Government,https://nebraska.gov,OFFICIAL_SOURCE,Nebraska,US State
study-0096,noaa.gov,Government,https://noaa.gov,OFFICIAL_SOURCE,NOAA,US Scientific
study-0097,ny.gov,Government,https://ny.gov,OFFICIAL_SOURCE,New York,US State
study-0098,pa.gov,Government,https://pa.gov,OFFICIAL_SOURCE,Pennsylvania,US State
study-0099,parl.ca,Government,https://parl.ca,OFFICIAL_SOURCE,Parliament of Canada,Canada Legislative
study-0100,parlamento.pt,Government,https://parlamento.pt,OFFICIAL_SOURCE,Parlamento Portugal,Portugal Legislative
study-0101,parliament.gov.sg,Government,https://parliament.gov.sg,OFFICIAL_SOURCE,Parliament Singapore,Singapore Legislative
study-0102,parliament.uk,Government,https://parliament.uk,OFFICIAL_SOURCE,UK Parliament,UK Legislative
study-0103,regeringen.se,Government,https://regeringen.se,OFFICIAL_SOURCE,Regeringen Sweden,Sweden Executive
study-0104,regjeringen.no,Government,https://regjeringen.no,OFFICIAL_SOURCE,Regjeringen Norway,Norway Executive
study-0105,sba.gov,Government,https://sba.gov,OFFICIAL_SOURCE,SBA,US Executive
study-0106,sec.gov,Government,https://sec.gov,OFFICIAL_SOURCE,SEC,US Regulatory
study-0107,senat.cz,Government,https://senat.cz,OFFICIAL_SOURCE,Senat Czech,Czech Legislative
study-0108,senat.fr,Government,https://senat.fr,OFFICIAL_SOURCE,Senat France,France Legislative
study-0109,senate.gov,Government,https://senate.gov,OFFICIAL_SOURCE,US Senate,US Legislative
study-0110,ssa.gov,Government,https://ssa.gov,OFFICIAL_SOURCE,Social Security,US Executive
study-0111,stat.fi,Government,https://stat.fi,OFFICIAL_SOURCE,Stat Finland,Finland Statistics
study-0112,stat.go.jp,Government,https://stat.go.jp,OFFICIAL_SOURCE,Statistics Japan,Japan Statistics
study-0113,state.gov,Government,https://state.gov,OFFICIAL_SOURCE,Department of State,US Cabinet
study-0114,stortinget.no,Government,https://stortinget.no,OFFICIAL_SOURCE,Stortinget Norway,Norway Legislative
study-0115,supremecourt.gov,Government,https://supremecourt.gov,OFFICIAL_SOURCE,US Supreme Court,US Judicial
study-0116,treasury.gov.au,Government,https://treasury.gov.au,OFFICIAL_SOURCE,Australian Treasury,Australia Federal
study-0117,uspto.gov,Government,https://uspto.gov,OFFICIAL_SOURCE,USPTO,US Executive
study-0118,valtioneuvosto.fi,Government,https://valtioneuvosto.fi,OFFICIAL_SOURCE,Valtioneuvosto Finland,Finland Executive
study-0119,vlada.cz,Government,https://vlada.cz,OFFICIAL_SOURCE,Vlada Czech,Czech Executive
study-0120,wisconsin.gov,Government,https://wisconsin.gov,OFFICIAL_SOURCE,Wisconsin,US State
study-0121,acm.org,Nonprofits,https://acm.org,PUBLIC_DIRECTORY,ACM,Computing Society
study-0122,amnesty.org,Nonprofits,https://amnesty.org,PUBLIC_DIRECTORY,Amnesty International,Human Rights NGO
study-0123,broadinstitute.org,Nonprofits,https://broadinstitute.org,PUBLIC_DIRECTORY,Broad Institute,Genomics Research
study-0124,brookings.edu,Nonprofits,https://brookings.edu,PUBLIC_DIRECTORY,Brookings,Think Tank
study-0125,cancerresearchuk.org,Nonprofits,https://cancerresearchuk.org,PUBLIC_DIRECTORY,Cancer Research UK,Medical Charity
study-0126,carlsbergfondet.dk,Nonprofits,https://carlsbergfondet.dk,PUBLIC_DIRECTORY,Carlsberg Foundation,Danish Science Trust
study-0127,ceps.eu,Nonprofits,https://ceps.eu,PUBLIC_DIRECTORY,CEPS,Think Tank
study-0128,cern.ch,Nonprofits,https://cern.ch,PUBLIC_DIRECTORY,CERN,Physics Lab
study-0129,chathamhouse.org,Nonprofits,https://chathamhouse.org,PUBLIC_DIRECTORY,Chatham House,Think Tank
study-0130,conservation.org,Nonprofits,https://conservation.org,PUBLIC_DIRECTORY,Conservation International,Biodiversity
study-0131,cpj.org,Nonprofits,https://cpj.org,PUBLIC_DIRECTORY,CPJ,Press Freedom NGO
study-0132,csis.org,Nonprofits,https://csis.org,PUBLIC_DIRECTORY,CSIS,Think Tank
study-0133,doaj.org,Nonprofits,https://doaj.org,PUBLIC_DIRECTORY,DOAJ,Journal Directory
study-0134,doctorswithoutborders.org,Nonprofits,https://doctorswithoutborders.org,PUBLIC_DIRECTORY,MSF,Medical NGO
study-0135,eclipse.org,Nonprofits,https://eclipse.org,PUBLIC_DIRECTORY,Eclipse Foundation,Software Foundation
study-0136,fredhutch.org,Nonprofits,https://fredhutch.org,PUBLIC_DIRECTORY,Fred Hutch,Cancer Research
study-0137,ieee.org,Nonprofits,https://ieee.org,PUBLIC_DIRECTORY,IEEE,Engineering Society
study-0138,imf.org,Nonprofits,https://imf.org,PUBLIC_DIRECTORY,IMF,Financial Institution
study-0139,kb.nl,Nonprofits,https://kb.nl,PUBLIC_DIRECTORY,KB Netherlands,National Library
study-0140,kresge.org,Nonprofits,https://kresge.org,PUBLIC_DIRECTORY,Kresge Foundation,Community Foundation
study-0141,macfound.org,Nonprofits,https://macfound.org,PUBLIC_DIRECTORY,MacArthur Foundation,Philanthropy
study-0142,massgeneral.org,Nonprofits,https://massgeneral.org,PUBLIC_DIRECTORY,Mass General,Research Hospital
study-0143,moma.org,Nonprofits,https://moma.org,PUBLIC_DIRECTORY,MoMA,Modern Art Museum
study-0144,netbsdfoundation.org,Nonprofits,https://netbsdfoundation.org,PUBLIC_DIRECTORY,NetBSD Foundation,Operating System
study-0145,okfn.org,Nonprofits,https://okfn.org,PUBLIC_DIRECTORY,Open Knowledge Foundation,Open Data NGO
study-0146,openapis.org,Nonprofits,https://openapis.org,PUBLIC_DIRECTORY,OpenAPI Initiative,API Standards Consortium
study-0147,perlfoundation.org,Nonprofits,https://perlfoundation.org,PUBLIC_DIRECTORY,The Perl Foundation,Language Foundation
study-0148,pewresearch.org,Nonprofits,https://pewresearch.org,PUBLIC_DIRECTORY,Pew Research,Fact Tank
study-0149,prado.es,Nonprofits,https://prado.es,PUBLIC_DIRECTORY,Museo del Prado,National Museum
study-0150,propublica.org,Nonprofits,https://propublica.org,PUBLIC_DIRECTORY,ProPublica,Journalism NGO
study-0151,rijksmuseum.nl,Nonprofits,https://rijksmuseum.nl,PUBLIC_DIRECTORY,Rijksmuseum,National Museum
study-0152,rotary.org,Nonprofits,https://rotary.org,PUBLIC_DIRECTORY,Rotary International,Service Org
study-0153,rsf.org,Nonprofits,https://rsf.org,PUBLIC_DIRECTORY,RSF,Press Freedom NGO
study-0154,rust-foundation.org,Nonprofits,https://rust-foundation.org,PUBLIC_DIRECTORY,Rust Foundation,Language Foundation
study-0155,rwjf.org,Nonprofits,https://rwjf.org,PUBLIC_DIRECTORY,RWJF,Health Philanthropy
study-0156,salk.edu,Nonprofits,https://salk.edu,PUBLIC_DIRECTORY,Salk Institute,Biological Research
study-0157,scripps.edu,Nonprofits,https://scripps.edu,PUBLIC_DIRECTORY,Scripps Research,Biomedical Research
study-0158,sierraclub.org,Nonprofits,https://sierraclub.org,PUBLIC_DIRECTORY,Sierra Club,Environmental NGO
study-0159,smithsonian.org,Nonprofits,https://smithsonian.org,PUBLIC_DIRECTORY,Smithsonian Institution,Museum Complex
study-0160,stjude.org,Nonprofits,https://stjude.org,PUBLIC_DIRECTORY,St Jude,Children's Hospital
study-0161,unhcr.org,Nonprofits,https://unhcr.org,PUBLIC_DIRECTORY,UNHCR,UN Refugee Agency
study-0162,w3.org,Nonprofits,https://w3.org,PUBLIC_DIRECTORY,W3C,Web Standards Body
study-0163,who.int,Nonprofits,https://who.int,PUBLIC_DIRECTORY,World Health Organization,UN Agency
study-0164,wmo.int,Nonprofits,https://wmo.int,PUBLIC_DIRECTORY,WMO,UN Weather Agency
study-0165,worldwildlife.org,Nonprofits,https://worldwildlife.org,PUBLIC_DIRECTORY,WWF,Conservation NGO
study-0166,3m.com,Long-running companies,https://3m.com,OFFICIAL_SOURCE,3M,Founded 1902
study-0167,amd.com,Long-running companies,https://amd.com,OFFICIAL_SOURCE,AMD,Founded 1969
study-0168,apple.com,Long-running companies,https://apple.com,OFFICIAL_SOURCE,Apple,Founded 1976
study-0169,baesystems.com,Long-running companies,https://baesystems.com,OFFICIAL_SOURCE,BAE Systems,Founded 1999
study-0170,basf.com,Long-running companies,https://basf.com,OFFICIAL_SOURCE,BASF,Founded 1865
study-0171,bbc.co.uk,Long-running companies,https://bbc.co.uk,OFFICIAL_SOURCE,BBC,Founded 1922
study-0172,bioware.com,Long-running companies,https://bioware.com,OFFICIAL_SOURCE,BioWare,Founded 1995
study-0173,blizzard.com,Long-running companies,https://blizzard.com,OFFICIAL_SOURCE,Blizzard,Founded 1991
study-0174,bp.com,Long-running companies,https://bp.com,OFFICIAL_SOURCE,BP,Founded 1909
study-0175,bungie.net,Long-running companies,https://bungie.net,OFFICIAL_SOURCE,Bungie,Founded 1991
study-0176,bway.net,Long-running companies,https://bway.net,OFFICIAL_SOURCE,Bway.net,Founded 1995
study-0177,caterpillar.com,Long-running companies,https://caterpillar.com,OFFICIAL_SOURCE,Caterpillar,Founded 1925
study-0178,chevron.com,Long-running companies,https://chevron.com,OFFICIAL_SOURCE,Chevron,Founded 1879
study-0179,danone.com,Long-running companies,https://danone.com,OFFICIAL_SOURCE,Danone,Founded 1919
study-0180,dell.com,Long-running companies,https://dell.com,OFFICIAL_SOURCE,Dell,Founded 1984
study-0181,dupont.com,Long-running companies,https://dupont.com,OFFICIAL_SOURCE,DuPont,Founded 1802
study-0182,ea.com,Long-running companies,https://ea.com,OFFICIAL_SOURCE,Electronic Arts,Founded 1982
study-0183,elsevier.com,Long-running companies,https://elsevier.com,OFFICIAL_SOURCE,Elsevier,Founded 1880
study-0184,equinor.com,Long-running companies,https://equinor.com,OFFICIAL_SOURCE,Equinor,Founded 1972
study-0185,fujitsu.com,Long-running companies,https://fujitsu.com,OFFICIAL_SOURCE,Fujitsu,Founded 1935
study-0186,gateway.com,Long-running companies,https://gateway.com,OFFICIAL_SOURCE,Gateway,Founded 1985
study-0187,glencore.com,Long-running companies,https://glencore.com,OFFICIAL_SOURCE,Glencore,Founded 1974
study-0188,honeywell.com,Long-running companies,https://honeywell.com,OFFICIAL_SOURCE,Honeywell,Founded 1906
study-0189,hp.com,Long-running companies,https://hp.com,OFFICIAL_SOURCE,HP,Founded 1939
study-0190,ibm.com,Long-running companies,https://ibm.com,OFFICIAL_SOURCE,IBM,Founded 1911
study-0191,kraftheinzcompany.com,Long-running companies,https://kraftheinzcompany.com,OFFICIAL_SOURCE,Kraft Heinz,Founded 1869
study-0192,medtronic.com,Long-running companies,https://medtronic.com,OFFICIAL_SOURCE,Medtronic,Founded 1949
study-0193,mercedes-benz.com,Long-running companies,https://mercedes-benz.com,OFFICIAL_SOURCE,Mercedes-Benz,Founded 1926
study-0194,microprose.com,Long-running companies,https://microprose.com,OFFICIAL_SOURCE,MicroProse,Founded 1982
study-0195,mondelezinternational.com,Long-running companies,https://mondelezinternational.com,OFFICIAL_SOURCE,Mondelez,Founded 1923
study-0196,nec.com,Long-running companies,https://nec.com,OFFICIAL_SOURCE,NEC,Founded 1899
study-0197,nestle.com,Long-running companies,https://nestle.com,OFFICIAL_SOURCE,Nestle,Founded 1866
study-0198,nintendo.com,Long-running companies,https://nintendo.com,OFFICIAL_SOURCE,Nintendo,Founded 1889
study-0199,northropgrumman.com,Long-running companies,https://northropgrumman.com,OFFICIAL_SOURCE,Northrop Grumman,Founded 1939
study-0200,philips.com,Long-running companies,https://philips.com,OFFICIAL_SOURCE,Philips,Founded 1891
study-0201,roche.com,Long-running companies,https://roche.com,OFFICIAL_SOURCE,Roche,Founded 1896
study-0202,sega.com,Long-running companies,https://sega.com,OFFICIAL_SOURCE,SEGA,Founded 1960
study-0203,shell.com,Long-running companies,https://shell.com,OFFICIAL_SOURCE,Shell,Founded 1907
study-0204,siemens.com,Long-running companies,https://siemens.com,OFFICIAL_SOURCE,Siemens,Founded 1847
study-0205,sierra.com,Long-running companies,https://sierra.com,OFFICIAL_SOURCE,Sierra On-Line,Founded 1979
study-0206,tandem.com,Long-running companies,https://tandem.com,OFFICIAL_SOURCE,Tandem,Founded 1974
study-0207,telstra.com.au,Long-running companies,https://telstra.com.au,OFFICIAL_SOURCE,Telstra,Australian Telecom
study-0208,ti.com,Long-running companies,https://ti.com,OFFICIAL_SOURCE,Texas Instruments,Founded 1930
study-0209,toshiba.com,Long-running companies,https://toshiba.com,OFFICIAL_SOURCE,Toshiba,Founded 1875
study-0210,unisys.com,Long-running companies,https://unisys.com,OFFICIAL_SOURCE,Unisys,Founded 1886
study-0211,alpinelinux.org,Open-source/project sites,https://alpinelinux.org,OPEN_SOURCE_PROJECT,Alpine Linux,Lightweight Linux
study-0212,audacityteam.org,Open-source/project sites,https://audacityteam.org,OPEN_SOURCE_PROJECT,Audacity,Audio Editor
study-0213,bash.org,Open-source/project sites,https://bash.org,OPEN_SOURCE_PROJECT,Bash,Unix Shell
study-0214,blender.org,Open-source/project sites,https://blender.org,OPEN_SOURCE_PROJECT,Blender,3D Suite
study-0215,boost.org,Open-source/project sites,https://boost.org,OPEN_SOURCE_PROJECT,Boost C++ Libraries,Peer-Reviewed C++
study-0216,cherokee-project.com,Open-source/project sites,https://cherokee-project.com,OPEN_SOURCE_PROJECT,Cherokee Web Server,Fast Web Server
study-0217,cilium.io,Open-source/project sites,https://cilium.io,OPEN_SOURCE_PROJECT,Cilium,eBPF-based Networking
study-0218,codeberg.org,Open-source/project sites,https://codeberg.org,OPEN_SOURCE_PROJECT,Codeberg,Free Software Collaboration
study-0219,couchdb.apache.org,Open-source/project sites,https://couchdb.apache.org,OPEN_SOURCE_PROJECT,Apache CouchDB,NoSQL Database
study-0220,crystal-lang.org,Open-source/project sites,https://crystal-lang.org,OPEN_SOURCE_PROJECT,Crystal Programming Language,Fast Compiled Language
study-0221,ffmpeg.org,Open-source/project sites,https://ffmpeg.org,OPEN_SOURCE_PROJECT,FFmpeg,Media Framework
study-0222,fltk.org,Open-source/project sites,https://fltk.org,OPEN_SOURCE_PROJECT,FLTK,Fast Light Toolkit
study-0223,gnome.org,Open-source/project sites,https://gnome.org,OPEN_SOURCE_PROJECT,GNOME,Founded 1997
study-0224,golang.org,Open-source/project sites,https://golang.org,OPEN_SOURCE_PROJECT,Go,Go Project
study-0225,gtk.org,Open-source/project sites,https://gtk.org,OPEN_SOURCE_PROJECT,GTK Toolkit,GUI Toolkit
study-0226,haproxy.org,Open-source/project sites,https://haproxy.org,OPEN_SOURCE_PROJECT,HAProxy,Load Balancer
study-0227,haskell.org,Open-source/project sites,https://haskell.org,OPEN_SOURCE_PROJECT,Haskell,Language Committee
study-0228,home-assistant.io,Open-source/project sites,https://home-assistant.io,OPEN_SOURCE_PROJECT,Home Assistant,Home Automation
study-0229,httpd.apache.org,Open-source/project sites,https://httpd.apache.org,OPEN_SOURCE_PROJECT,Apache HTTP,Web Server
study-0230,inkscape.org,Open-source/project sites,https://inkscape.org,OPEN_SOURCE_PROJECT,Inkscape,Vector Editor
study-0231,istio.io,Open-source/project sites,https://istio.io,OPEN_SOURCE_PROJECT,Istio,Service Mesh
study-0232,jaegertracing.io,Open-source/project sites,https://jaegertracing.io,OPEN_SOURCE_PROJECT,Jaeger,Distributed Tracing
study-0233,kafka.apache.org,Open-source/project sites,https://kafka.apache.org,OPEN_SOURCE_PROJECT,Apache Kafka,Event Streaming Platform
study-0234,keepass.info,Open-source/project sites,https://keepass.info,OPEN_SOURCE_PROJECT,KeePass,Password Safe
study-0235,llvm.org,Open-source/project sites,https://llvm.org,OPEN_SOURCE_PROJECT,LLVM,Compiler Project
study-0236,netbsd.org,Open-source/project sites,https://netbsd.org,OPEN_SOURCE_PROJECT,NetBSD,Founded 1993
study-0237,nextcloud.com,Open-source/project sites,https://nextcloud.com,OPEN_SOURCE_PROJECT,Nextcloud,Productivity Platform
study-0238,nginx.org,Open-source/project sites,https://nginx.org,OPEN_SOURCE_PROJECT,nginx,Web Server
study-0239,nodejs.org,Open-source/project sites,https://nodejs.org,OPEN_SOURCE_PROJECT,Node.js,JavaScript Runtime Environment
study-0240,openresty.org,Open-source/project sites,https://openresty.org,OPEN_SOURCE_PROJECT,OpenResty,Web Platform
study-0241,pfsense.org,Open-source/project sites,https://pfsense.org,OPEN_SOURCE_PROJECT,pfSense,Firewall
study-0242,phpbb.com,Open-source/project sites,https://phpbb.com,OPEN_SOURCE_PROJECT,phpBB,Bulletin Board
study-0243,proxmox.com,Open-source/project sites,https://proxmox.com,OPEN_SOURCE_PROJECT,Proxmox,Open Source Server Solutions
study-0244,redis.io,Open-source/project sites,https://redis.io,OPEN_SOURCE_PROJECT,Redis,Data Store
study-0245,solr.apache.org,Open-source/project sites,https://solr.apache.org,OPEN_SOURCE_PROJECT,Apache Solr,Enterprise Search Platform
study-0246,sqlite.org,Open-source/project sites,https://sqlite.org,OPEN_SOURCE_PROJECT,SQLite,Embedded DB
study-0247,squid-cache.org,Open-source/project sites,https://squid-cache.org,OPEN_SOURCE_PROJECT,Squid Cache,Caching Proxy
study-0248,subversion.apache.org,Open-source/project sites,https://subversion.apache.org,OPEN_SOURCE_PROJECT,Subversion,Version Control
study-0249,traefik.io,Open-source/project sites,https://traefik.io,OPEN_SOURCE_PROJECT,Traefik,Cloud Native Application Proxy
study-0250,ubuntu.com,Open-source/project sites,https://ubuntu.com,OPEN_SOURCE_PROJECT,Ubuntu,Canonical
study-0251,vim.org,Open-source/project sites,https://vim.org,OPEN_SOURCE_PROJECT,Vim,Text Editor
study-0252,vlang.io,Open-source/project sites,https://vlang.io,OPEN_SOURCE_PROJECT,The V Programming Language,Simple Fast Compiled Language
study-0253,wireguard.com,Open-source/project sites,https://wireguard.com,OPEN_SOURCE_PROJECT,WireGuard,VPN Protocol
study-0254,x.org,Open-source/project sites,https://x.org,OPEN_SOURCE_PROJECT,X.Org Foundation,X Window System
study-0255,zeromq.org,Open-source/project sites,https://zeromq.org,OPEN_SOURCE_PROJECT,ZeroMQ,Distributed Messaging Library
study-0256,100r.co,Personal/independent sites,https://100r.co,PUBLIC_DIRECTORY,Hundred Rabbits,Off-Grid Studio
study-0257,aaronsw.com,Personal/independent sites,https://aaronsw.com,PUBLIC_DIRECTORY,Aaron Swartz,Raw Thought Archive
study-0258,anildash.com,Personal/independent sites,https://anildash.com,PUBLIC_DIRECTORY,Anil Dash,Digital Culture
study-0259,berthub.eu,Personal/independent sites,https://berthub.eu,PUBLIC_DIRECTORY,Bert Hubert,PowerDNS Founder Tech Notes
study-0260,cat-v.org,Personal/independent sites,https://cat-v.org,PUBLIC_DIRECTORY,cat-v.org,Unix Philosophy
study-0261,ciechanow.ski,Personal/independent sites,https://ciechanow.ski,PUBLIC_DIRECTORY,Bartosz Ciechanowski,Interactive Tutorials
study-0262,cliki.net,Personal/independent sites,https://cliki.net,PUBLIC_DIRECTORY,CLiki,Common Lisp Wiki
study-0263,codinghorror.com,Personal/independent sites,https://codinghorror.com,PUBLIC_DIRECTORY,Coding Horror,Programming Blog
study-0264,colah.github.io,Personal/independent sites,https://colah.github.io,PUBLIC_DIRECTORY,Chris Olah,Neural Networks & Interpretability
study-0265,danwang.co,Personal/independent sites,https://danwang.co,PUBLIC_DIRECTORY,Dan Wang,Technology Essays
study-0266,distill.pub,Personal/independent sites,https://distill.pub,PUBLIC_DIRECTORY,Distill ML Journal,Clarity in Machine Learning Research
study-0267,diyaudio.com,Personal/independent sites,https://diyaudio.com,PUBLIC_DIRECTORY,diyAudio,Audio Builders
study-0268,fasterthanli.me,Personal/independent sites,https://fasterthanli.me,PUBLIC_DIRECTORY,Amos Wenger,Deep-Dive Rust & Systems
study-0269,geofex.com,Personal/independent sites,https://geofex.com,PUBLIC_DIRECTORY,GEOFEX,Audio Engineering Archive
study-0270,gregorygundersen.com,Personal/independent sites,https://gregorygundersen.com,PUBLIC_DIRECTORY,Gregory Gundersen,Machine Learning & Geometry
study-0271,gwern.net,Personal/independent sites,https://gwern.net,PUBLIC_DIRECTORY,Gwern Branwen,Empirical Research Essays
study-0272,interconnected.org,Personal/independent sites,https://interconnected.org,PUBLIC_DIRECTORY,Interconnected,Matt Webb Weblog
study-0273,joinmastodon.org,Personal/independent sites,https://joinmastodon.org,PUBLIC_DIRECTORY,Mastodon,Decentralized Social
study-0274,jwz.org,Personal/independent sites,https://jwz.org,PUBLIC_DIRECTORY,Jamie Zawinski,DNA Lounge Site
study-0275,lemmy.world,Personal/independent sites,https://lemmy.world,PUBLIC_DIRECTORY,Lemmy.world,Federated Aggregator
study-0276,lesswrong.com,Personal/independent sites,https://lesswrong.com,PUBLIC_DIRECTORY,LessWrong,Decision Theory Community
study-0277,mathoverflow.net,Personal/independent sites,https://mathoverflow.net,PUBLIC_DIRECTORY,MathOverflow,Mathematician Collaborative Research Forum
study-0278,overcomingbias.com,Personal/independent sites,https://overcomingbias.com,PUBLIC_DIRECTORY,Overcoming Bias,Rationality Blog
study-0279,pixelfed.org,Personal/independent sites,https://pixelfed.org,PUBLIC_DIRECTORY,Pixelfed,Federated Images
study-0280,prog21.dadgum.com,Personal/independent sites,https://prog21.dadgum.com,PUBLIC_DIRECTORY,Prog21,Vintage Essays
study-0281,rachelbythebay.com,Personal/independent sites,https://rachelbythebay.com,PUBLIC_DIRECTORY,Rachel by the Bay,Infrastructure Blog
study-0282,roughtype.com,Personal/independent sites,https://roughtype.com,PUBLIC_DIRECTORY,Nicholas Carr,Technology and Culture Essays
study-0283,scottaaronson.blog,Personal/independent sites,https://scottaaronson.blog,PUBLIC_DIRECTORY,Scott Aaronson,Quantum Computing & Complexity
study-0284,sdf-eu.org,Personal/independent sites,https://sdf-eu.org,PUBLIC_DIRECTORY,SDF Europe,SDF Community
study-0285,slashdot.org,Personal/independent sites,https://slashdot.org,PUBLIC_DIRECTORY,Slashdot,News for Nerds
study-0286,sta.li,Personal/independent sites,https://sta.li,PUBLIC_DIRECTORY,Stali Linux,Static Linux
study-0287,stallman.org,Personal/independent sites,https://stallman.org,PUBLIC_DIRECTORY,Richard Stallman,Plain-Text Personal Site
study-0288,steve-yegge.blogspot.com,Personal/independent sites,https://steve-yegge.blogspot.com,PUBLIC_DIRECTORY,Steve Yegge,Historic Essays
study-0289,stevepavlina.com,Personal/independent sites,https://stevepavlina.com,PUBLIC_DIRECTORY,Steve Pavlina,Philosophy Blog
study-0290,stopdesign.com,Personal/independent sites,https://stopdesign.com,PUBLIC_DIRECTORY,Douglas Bowman,Historic Web Standards Design
study-0291,stuffandnonsense.co.uk,Personal/independent sites,https://stuffandnonsense.co.uk,PUBLIC_DIRECTORY,Andy Clarke,Creative Web Design Studio
study-0292,tbray.org,Personal/independent sites,https://tbray.org,PUBLIC_DIRECTORY,Tim Bray Ongoing,Personal Site
study-0293,tedunangst.com,Personal/independent sites,https://tedunangst.com,PUBLIC_DIRECTORY,Ted Unangst,Developer Blog
study-0294,thunix.net,Personal/independent sites,https://thunix.net,PUBLIC_DIRECTORY,Thunix,Educational Shell
study-0295,toastytech.com,Personal/independent sites,https://toastytech.com,PUBLIC_DIRECTORY,ToastyTech,Historic GUI Gallery
study-0296,usemod.com,Personal/independent sites,https://usemod.com,PUBLIC_DIRECTORY,UseModWiki,Wiki Engine
study-0297,wiby.me,Personal/independent sites,https://wiby.me,PUBLIC_DIRECTORY,Wiby Search,Classic Web Search
study-0298,windowsonthetheory.org,Personal/independent sites,https://windowsonthetheory.org,PUBLIC_DIRECTORY,Windows on Theory,Theoretical Computer Science Essays
study-0299,zephoria.org,Personal/independent sites,https://zephoria.org,PUBLIC_DIRECTORY,danah boyd,Data & Society Research Weblog
study-0300,zombo.com,Personal/independent sites,https://zombo.com,PUBLIC_DIRECTORY,Zombo.com,Classic Web Parody
