pilot_id,domain,category,canonical_url,source_type,source_name,source_reference
pilot-0001,bcn.cl,Government,https://bcn.cl,OFFICIAL_SOURCE,BCN Chile,Chile Legislative
pilot-0002,bmf.gv.at,Government,https://bmf.gv.at,OFFICIAL_SOURCE,Ministry of Finance Austria,Austria Ministry
pilot-0003,bund.de,Government,https://bund.de,OFFICIAL_SOURCE,Bund.de,Germany Federal
pilot-0004,ca.gov,Government,https://ca.gov,OFFICIAL_SOURCE,California,US State
pilot-0005,canada.ca,Government,https://canada.ca,OFFICIAL_SOURCE,Canada.ca,Canada Federal
pilot-0006,cbo.gov,Government,https://cbo.gov,OFFICIAL_SOURCE,CBO,US Legislative
pilot-0007,cbs.nl,Government,https://cbs.nl,OFFICIAL_SOURCE,CBS Netherlands,Netherlands Statistics
pilot-0008,csiro.au,Government,https://csiro.au,OFFICIAL_SOURCE,CSIRO Australia,Australia Scientific
pilot-0009,dst.dk,Government,https://dst.dk,OFFICIAL_SOURCE,DST Denmark,Denmark Statistics
pilot-0010,fcc.gov,Government,https://fcc.gov,OFFICIAL_SOURCE,FCC,US Regulatory
pilot-0011,fl.gov,Government,https://fl.gov,OFFICIAL_SOURCE,Florida,US State
pilot-0012,gob.cl,Government,https://gob.cl,OFFICIAL_SOURCE,Gob.cl Chile,Chile Federal
pilot-0013,gob.mx,Government,https://gob.mx,OFFICIAL_SOURCE,Gob.mx Mexico,Mexico Federal
pilot-0014,gov.uk,Government,https://gov.uk,OFFICIAL_SOURCE,UK Gov,UK National
pilot-0015,gov.wales,Government,https://gov.wales,OFFICIAL_SOURCE,Welsh Government,Wales UK
pilot-0016,govt.nz,Government,https://govt.nz,OFFICIAL_SOURCE,New Zealand Gov,NZ Federal
pilot-0017,hellenicparliament.gr,Government,https://hellenicparliament.gr,OFFICIAL_SOURCE,Hellenic Parliament,Greece Legislative
pilot-0018,hhs.gov,Government,https://hhs.gov,OFFICIAL_SOURCE,HHS,US Cabinet
pilot-0019,inegi.org.mx,Government,https://inegi.org.mx,OFFICIAL_SOURCE,INEGI Mexico,Mexico Statistics
pilot-0020,iowa.gov,Government,https://iowa.gov,OFFICIAL_SOURCE,Iowa,US State
pilot-0021,isro.gov.in,Government,https://isro.gov.in,OFFICIAL_SOURCE,ISRO India,India Space
pilot-0022,istat.it,Government,https://istat.it,OFFICIAL_SOURCE,ISTAT Italy,Italy Statistics
pilot-0023,japan.go.jp,Government,https://japan.go.jp,OFFICIAL_SOURCE,Japan.go.jp,Japan Federal
pilot-0024,justice.gov,Government,https://justice.gov,OFFICIAL_SOURCE,Department of Justice,US Cabinet
pilot-0025,kantei.go.jp,Government,https://kantei.go.jp,OFFICIAL_SOURCE,Kantei Japan,Japan Executive
pilot-0026,kentucky.gov,Government,https://kentucky.gov,OFFICIAL_SOURCE,Kentucky,US State
pilot-0027,nc.gov,Government,https://nc.gov,OFFICIAL_SOURCE,North Carolina,US State
pilot-0028,nd.gov,Government,https://nd.gov,OFFICIAL_SOURCE,North Dakota,US State
pilot-0029,parl.ca,Government,https://parl.ca,OFFICIAL_SOURCE,Parliament of Canada,Canada Legislative
pilot-0030,parlamento.it,Government,https://parlamento.it,OFFICIAL_SOURCE,Parlamento Italiano,Italy Legislative
pilot-0031,planalto.gov.br,Government,https://planalto.gov.br,OFFICIAL_SOURCE,Planalto Brazil,Brazil Executive
pilot-0032,riksdagen.se,Government,https://riksdagen.se,OFFICIAL_SOURCE,Riksdagen Sweden,Sweden Legislative
pilot-0033,sd.gov,Government,https://sd.gov,OFFICIAL_SOURCE,South Dakota,US State
pilot-0034,sejm.gov.pl,Government,https://sejm.gov.pl,OFFICIAL_SOURCE,Sejm Poland,Poland Legislative
pilot-0035,senat.cz,Government,https://senat.cz,OFFICIAL_SOURCE,Senat Czech,Czech Legislative
pilot-0036,ssb.no,Government,https://ssb.no,OFFICIAL_SOURCE,SSB Norway,Norway Statistics
pilot-0037,tweedekamer.nl,Government,https://tweedekamer.nl,OFFICIAL_SOURCE,Tweede Kamer,Netherlands Legislative
pilot-0038,usa.gov,Government,https://usa.gov,OFFICIAL_SOURCE,USA.gov,US Federal Portal
pilot-0039,valtioneuvosto.fi,Government,https://valtioneuvosto.fi,OFFICIAL_SOURCE,Valtioneuvosto Finland,Finland Executive
pilot-0040,wisconsin.gov,Government,https://wisconsin.gov,OFFICIAL_SOURCE,Wisconsin,US State
pilot-0041,3m.com,Long-running companies,https://3m.com,OFFICIAL_SOURCE,3M,Founded 1902
pilot-0042,activision.com,Long-running companies,https://activision.com,OFFICIAL_SOURCE,Activision,Founded 1979
pilot-0043,att.com,Long-running companies,https://att.com,OFFICIAL_SOURCE,AT&T,Founded 1885
pilot-0044,baesystems.com,Long-running companies,https://baesystems.com,OFFICIAL_SOURCE,BAE Systems,Founded 1999
pilot-0045,bayer.com,Long-running companies,https://bayer.com,OFFICIAL_SOURCE,Bayer,Founded 1863
pilot-0046,bioware.com,Long-running companies,https://bioware.com,OFFICIAL_SOURCE,BioWare,Founded 1995
pilot-0047,boeing.com,Long-running companies,https://boeing.com,OFFICIAL_SOURCE,Boeing,Founded 1916
pilot-0048,bway.net,Long-running companies,https://bway.net,OFFICIAL_SOURCE,Bway.net,Founded 1995
pilot-0049,canon.com,Long-running companies,https://canon.com,OFFICIAL_SOURCE,Canon,Founded 1937
pilot-0050,compaq.com,Long-running companies,https://compaq.com,OFFICIAL_SOURCE,Compaq,Founded 1982
pilot-0051,cray.com,Long-running companies,https://cray.com,OFFICIAL_SOURCE,Cray / HPE,Founded 1972
pilot-0052,danone.com,Long-running companies,https://danone.com,OFFICIAL_SOURCE,Danone,Founded 1919
pilot-0053,dec.com,Long-running companies,https://dec.com,OFFICIAL_SOURCE,DEC,Founded 1957
pilot-0054,ford.com,Long-running companies,https://ford.com,OFFICIAL_SOURCE,Ford Motor Company,Founded 1903
pilot-0055,fujitsu.com,Long-running companies,https://fujitsu.com,OFFICIAL_SOURCE,Fujitsu,Founded 1935
pilot-0056,ge.com,Long-running companies,https://ge.com,OFFICIAL_SOURCE,General Electric,Founded 1892
pilot-0057,hitachi.com,Long-running companies,https://hitachi.com,OFFICIAL_SOURCE,Hitachi,Founded 1910
pilot-0058,hp.com,Long-running companies,https://hp.com,OFFICIAL_SOURCE,HP,Founded 1939
pilot-0059,hyundai.com,Long-running companies,https://hyundai.com,OFFICIAL_SOURCE,Hyundai,Founded 1967
pilot-0060,mindspring.com,Long-running companies,https://mindspring.com,OFFICIAL_SOURCE,MindSpring,Founded 1994
pilot-0061,nestle.com,Long-running companies,https://nestle.com,OFFICIAL_SOURCE,Nestle,Founded 1866
pilot-0062,novartis.com,Long-running companies,https://novartis.com,OFFICIAL_SOURCE,Novartis,Founded 1996
pilot-0063,novell.com,Long-running companies,https://novell.com,OFFICIAL_SOURCE,Novell,Founded 1979
pilot-0064,orange.com,Long-running companies,https://orange.com,OFFICIAL_SOURCE,Orange,France Telecom
pilot-0065,philips.com,Long-running companies,https://philips.com,OFFICIAL_SOURCE,Philips,Founded 1891
pilot-0066,pipeline.com,Long-running companies,https://pipeline.com,OFFICIAL_SOURCE,Pipeline,Founded 1993
pilot-0067,rolls-royce.com,Long-running companies,https://rolls-royce.com,OFFICIAL_SOURCE,Rolls-Royce,Founded 1906
pilot-0068,sony.com,Long-running companies,https://sony.com,OFFICIAL_SOURCE,Sony,Founded 1946
pilot-0069,subaru.com,Long-running companies,https://subaru.com,OFFICIAL_SOURCE,Subaru,Founded 1953
pilot-0070,volvo.com,Long-running companies,https://volvo.com,OFFICIAL_SOURCE,Volvo,Founded 1927
pilot-0071,bl.uk,Nonprofits,https://bl.uk,PUBLIC_DIRECTORY,British Library,National Library
pilot-0072,bruegel.org,Nonprofits,https://bruegel.org,PUBLIC_DIRECTORY,Bruegel,Think Tank
pilot-0073,cancerresearchuk.org,Nonprofits,https://cancerresearchuk.org,PUBLIC_DIRECTORY,Cancer Research UK,Medical Charity
pilot-0074,care.org,Nonprofits,https://care.org,PUBLIC_DIRECTORY,CARE International,Anti-Poverty
pilot-0075,caritas.org,Nonprofits,https://caritas.org,PUBLIC_DIRECTORY,Caritas,Catholic Relief
pilot-0076,crossref.org,Nonprofits,https://crossref.org,PUBLIC_DIRECTORY,CrossRef,DOI Registry
pilot-0077,csis.org,Nonprofits,https://csis.org,PUBLIC_DIRECTORY,CSIS,Think Tank
pilot-0078,edf.org,Nonprofits,https://edf.org,PUBLIC_DIRECTORY,Environmental Defense Fund,Environmental NGO
pilot-0079,esa.int,Nonprofits,https://esa.int,PUBLIC_DIRECTORY,ESA,Space Agency
pilot-0080,gutenberg.org,Nonprofits,https://gutenberg.org,PUBLIC_DIRECTORY,Project Gutenberg,eBook Library
pilot-0081,hhmi.org,Nonprofits,https://hhmi.org,PUBLIC_DIRECTORY,HHMI,Medical Philanthropy
pilot-0082,iaea.org,Nonprofits,https://iaea.org,PUBLIC_DIRECTORY,IAEA,Nuclear Energy Agency
pilot-0083,icij.org,Nonprofits,https://icij.org,PUBLIC_DIRECTORY,ICIJ,Journalism Network
pilot-0084,imf.org,Nonprofits,https://imf.org,PUBLIC_DIRECTORY,IMF,Financial Institution
pilot-0085,imo.org,Nonprofits,https://imo.org,PUBLIC_DIRECTORY,IMO,UN Maritime Agency
pilot-0086,iso.org,Nonprofits,https://iso.org,PUBLIC_DIRECTORY,ISO Standards,Global Standards Org
pilot-0087,macfound.org,Nonprofits,https://macfound.org,PUBLIC_DIRECTORY,MacArthur Foundation,Philanthropy
pilot-0088,medrxiv.org,Nonprofits,https://medrxiv.org,PUBLIC_DIRECTORY,medRxiv,Preprint Server
pilot-0089,nypl.org,Nonprofits,https://nypl.org,PUBLIC_DIRECTORY,NYPL,Public Library
pilot-0090,okfn.org,Nonprofits,https://okfn.org,PUBLIC_DIRECTORY,Open Knowledge Foundation,Open Data NGO
pilot-0091,opensocietyfoundations.org,Nonprofits,https://opensocietyfoundations.org,PUBLIC_DIRECTORY,Open Society Foundations,Philanthropy
pilot-0092,openstack.org,Nonprofits,https://openstack.org,PUBLIC_DIRECTORY,OpenInfra Foundation,Open Infrastructure Foundation
pilot-0093,rockefellerfoundation.org,Nonprofits,https://rockefellerfoundation.org,PUBLIC_DIRECTORY,Rockefeller Foundation,Philanthropy
pilot-0094,rotary.org,Nonprofits,https://rotary.org,PUBLIC_DIRECTORY,Rotary International,Service Org
pilot-0095,sipri.org,Nonprofits,https://sipri.org,PUBLIC_DIRECTORY,SIPRI,Peace Research
pilot-0096,un.org,Nonprofits,https://un.org,PUBLIC_DIRECTORY,United Nations,Intergovernmental Org
pilot-0097,unesco.org,Nonprofits,https://unesco.org,PUBLIC_DIRECTORY,UNESCO,UN Agency
pilot-0098,unicef.org,Nonprofits,https://unicef.org,PUBLIC_DIRECTORY,UNICEF,UN Agency
pilot-0099,wri.org,Nonprofits,https://wri.org,PUBLIC_DIRECTORY,World Resources Institute,Research Org
pilot-0100,wwf.org,Nonprofits,https://wwf.org,PUBLIC_DIRECTORY,WWF,Global Conservation
pilot-0101,7-zip.org,Open-source/project sites,https://7-zip.org,OPEN_SOURCE_PROJECT,7-Zip,Archiver
pilot-0102,archlinux.org,Open-source/project sites,https://archlinux.org,OPEN_SOURCE_PROJECT,Arch Linux,Rolling Release
pilot-0103,caddyserver.com,Open-source/project sites,https://caddyserver.com,OPEN_SOURCE_PROJECT,Caddy Web Server,Automatic HTTPS Web Server
pilot-0104,clojure.org,Open-source/project sites,https://clojure.org,OPEN_SOURCE_PROJECT,Clojure,Clojure Portal
pilot-0105,envoyproxy.io,Open-source/project sites,https://envoyproxy.io,OPEN_SOURCE_PROJECT,Envoy Proxy,Service and Edge Proxy
pilot-0106,erlang.org,Open-source/project sites,https://erlang.org,OPEN_SOURCE_PROJECT,Erlang,Ericsson Open Source
pilot-0107,gentoo.org,Open-source/project sites,https://gentoo.org,OPEN_SOURCE_PROJECT,Gentoo,Source-Based
pilot-0108,git-scm.com,Open-source/project sites,https://git-scm.com,OPEN_SOURCE_PROJECT,Git,Version Control
pilot-0109,golang.org,Open-source/project sites,https://golang.org,OPEN_SOURCE_PROJECT,Go,Go Project
pilot-0110,handbrake.fr,Open-source/project sites,https://handbrake.fr,OPEN_SOURCE_PROJECT,HandBrake,Video Transcoder
pilot-0111,kde.org,Open-source/project sites,https://kde.org,OPEN_SOURCE_PROJECT,KDE,Founded 1996
pilot-0112,keepass.info,Open-source/project sites,https://keepass.info,OPEN_SOURCE_PROJECT,KeePass,Password Safe
pilot-0113,libsdl.org,Open-source/project sites,https://libsdl.org,OPEN_SOURCE_PROJECT,SDL,Multimedia Development
pilot-0114,lua.org,Open-source/project sites,https://lua.org,OPEN_SOURCE_PROJECT,Lua,PUC-Rio
pilot-0115,mattermost.com,Open-source/project sites,https://mattermost.com,OPEN_SOURCE_PROJECT,Mattermost,Collaboration Platform
pilot-0116,mercurial-scm.org,Open-source/project sites,https://mercurial-scm.org,OPEN_SOURCE_PROJECT,Mercurial,Version Control
pilot-0117,netbsd.org,Open-source/project sites,https://netbsd.org,OPEN_SOURCE_PROJECT,NetBSD,Founded 1993
pilot-0118,openhab.org,Open-source/project sites,https://openhab.org,OPEN_SOURCE_PROJECT,openHAB,Smart Home
pilot-0119,openresty.org,Open-source/project sites,https://openresty.org,OPEN_SOURCE_PROJECT,OpenResty,Web Platform
pilot-0120,opensuse.org,Open-source/project sites,https://opensuse.org,OPEN_SOURCE_PROJECT,openSUSE,Community Linux
pilot-0121,python.org,Open-source/project sites,https://python.org,OPEN_SOURCE_PROJECT,Python,PSF Official
pilot-0122,solr.apache.org,Open-source/project sites,https://solr.apache.org,OPEN_SOURCE_PROJECT,Apache Solr,Enterprise Search Platform
pilot-0123,spark.apache.org,Open-source/project sites,https://spark.apache.org,OPEN_SOURCE_PROJECT,Apache Spark,Unified Analytics Engine
pilot-0124,squid-cache.org,Open-source/project sites,https://squid-cache.org,OPEN_SOURCE_PROJECT,Squid Cache,Caching Proxy
pilot-0125,terraform.io,Open-source/project sites,https://terraform.io,OPEN_SOURCE_PROJECT,Terraform,Infrastructure as Code
pilot-0126,tmux.github.io,Open-source/project sites,https://tmux.github.io,OPEN_SOURCE_PROJECT,tmux,Terminal Tool
pilot-0127,varnish-cache.org,Open-source/project sites,https://varnish-cache.org,OPEN_SOURCE_PROJECT,Varnish Cache,HTTP Reverse Proxy
pilot-0128,virtualbox.org,Open-source/project sites,https://virtualbox.org,OPEN_SOURCE_PROJECT,VirtualBox,Virtualization
pilot-0129,wxwidgets.org,Open-source/project sites,https://wxwidgets.org,OPEN_SOURCE_PROJECT,wxWidgets,GUI Toolkit
pilot-0130,xmpp.org,Open-source/project sites,https://xmpp.org,OPEN_SOURCE_PROJECT,XMPP,Messaging Protocol
pilot-0131,68k.news,Personal/independent sites,https://68k.news,PUBLIC_DIRECTORY,68k.news,Vintage News Reader
pilot-0132,brandur.org,Personal/independent sites,https://brandur.org,PUBLIC_DIRECTORY,Brandur Leach,Systems & Postgres Engineering
pilot-0133,brucelawson.co.uk,Personal/independent sites,https://brucelawson.co.uk,PUBLIC_DIRECTORY,Bruce Lawson,Open Web Standards
pilot-0134,craphound.com,Personal/independent sites,https://craphound.com,PUBLIC_DIRECTORY,Cory Doctorow,Author Site
pilot-0135,csszengarden.com,Personal/independent sites,https://csszengarden.com,PUBLIC_DIRECTORY,CSS Zen Garden,CSS Design Demonstration
pilot-0136,ctrl-c.club,Personal/independent sites,https://ctrl-c.club,PUBLIC_DIRECTORY,Ctrl-C Club,Tilde Community
pilot-0137,danluu.com,Personal/independent sites,https://danluu.com,PUBLIC_DIRECTORY,Dan Luu,Hardware & Software Essays
pilot-0138,fasterthanli.me,Personal/independent sites,https://fasterthanli.me,PUBLIC_DIRECTORY,Amos Wenger,Deep-Dive Rust & Systems
pilot-0139,folklore.org,Personal/independent sites,https://folklore.org,PUBLIC_DIRECTORY,Folklore.org,Macintosh Archive
pilot-0140,hyperorg.com,Personal/independent sites,https://hyperorg.com,PUBLIC_DIRECTORY,David Weinberger,Cluetrain Co-Author Weblog
pilot-0141,interconnected.org,Personal/independent sites,https://interconnected.org,PUBLIC_DIRECTORY,Interconnected,Matt Webb Weblog
pilot-0142,joelonsoftware.com,Personal/independent sites,https://joelonsoftware.com,PUBLIC_DIRECTORY,Joel on Software,Software Management Blog
pilot-0143,lesswrong.com,Personal/independent sites,https://lesswrong.com,PUBLIC_DIRECTORY,LessWrong,Decision Theory Community
pilot-0144,lobste.rs,Personal/independent sites,https://lobste.rs,PUBLIC_DIRECTORY,Lobsters,Computing Aggregator
pilot-0145,mataroa.blog,Personal/independent sites,https://mataroa.blog,PUBLIC_DIRECTORY,Mataroa,Minimalist Blog
pilot-0146,meyerweb.com,Personal/independent sites,https://meyerweb.com,PUBLIC_DIRECTORY,meyerweb.com,Eric Meyer Web Standards
pilot-0147,modwiggler.com,Personal/independent sites,https://modwiggler.com,PUBLIC_DIRECTORY,Mod Wiggler,Modular Synthesizers
pilot-0148,redblobgames.com,Personal/independent sites,https://redblobgames.com,PUBLIC_DIRECTORY,Red Blob Games,Game Math Algorithms
pilot-0149,scottaaronson.blog,Personal/independent sites,https://scottaaronson.blog,PUBLIC_DIRECTORY,Scott Aaronson,Quantum Computing & Complexity
pilot-0150,slashdot.org,Personal/independent sites,https://slashdot.org,PUBLIC_DIRECTORY,Slashdot,News for Nerds
pilot-0151,spacejam.com,Personal/independent sites,https://spacejam.com,PUBLIC_DIRECTORY,Space Jam,1996 Web Artifact
pilot-0152,steve-yegge.blogspot.com,Personal/independent sites,https://steve-yegge.blogspot.com,PUBLIC_DIRECTORY,Steve Yegge,Historic Essays
pilot-0153,suckless.org,Personal/independent sites,https://suckless.org,PUBLIC_DIRECTORY,suckless.org,Minimalist Software
pilot-0154,tedunangst.com,Personal/independent sites,https://tedunangst.com,PUBLIC_DIRECTORY,Ted Unangst,Developer Blog
pilot-0155,tilde.team,Personal/independent sites,https://tilde.team,PUBLIC_DIRECTORY,Tilde.Team,Unix Community
pilot-0156,tildeverse.org,Personal/independent sites,https://tildeverse.org,PUBLIC_DIRECTORY,Tildeverse,Tilde Communities
pilot-0157,timvieira.github.io,Personal/independent sites,https://timvieira.github.io,PUBLIC_DIRECTORY,Tim Vieira,Machine Learning & Optimization Notes
pilot-0158,troyhunt.com,Personal/independent sites,https://troyhunt.com,PUBLIC_DIRECTORY,Troy Hunt,Security Blog
pilot-0159,waxy.org,Personal/independent sites,https://waxy.org,PUBLIC_DIRECTORY,Waxy.org,Independent Blog
pilot-0160,zeldman.com,Personal/independent sites,https://zeldman.com,PUBLIC_DIRECTORY,zeldman.com,Jeffrey Zeldman Weblog
pilot-0161,abertay.ac.uk,Universities,https://abertay.ac.uk,PUBLIC_DATASET,Abertay University,HESA UK
pilot-0162,bath.ac.uk,Universities,https://bath.ac.uk,PUBLIC_DATASET,University of Bath,HESA UK
pilot-0163,baylor.edu,Universities,https://baylor.edu,PUBLIC_DATASET,Baylor University,US IPEDS
pilot-0164,bbk.ac.uk,Universities,https://bbk.ac.uk,PUBLIC_DATASET,Birkbeck,HESA UK
pilot-0165,cardiffmet.ac.uk,Universities,https://cardiffmet.ac.uk,PUBLIC_DATASET,Cardiff Metropolitan University,HESA UK
pilot-0166,case.edu,Universities,https://case.edu,PUBLIC_DATASET,Case Western Reserve University,US IPEDS
pilot-0167,clemson.edu,Universities,https://clemson.edu,PUBLIC_DATASET,Clemson University,US IPEDS
pilot-0168,colorado.edu,Universities,https://colorado.edu,PUBLIC_DATASET,CU Boulder,US IPEDS
pilot-0169,cuny.edu,Universities,https://cuny.edu,PUBLIC_DATASET,CUNY System,US IPEDS
pilot-0170,ecu.edu,Universities,https://ecu.edu,PUBLIC_DATASET,East Carolina University,US IPEDS
pilot-0171,ed.ac.uk,Universities,https://ed.ac.uk,PUBLIC_DATASET,University of Edinburgh,HESA UK
pilot-0172,furman.edu,Universities,https://furman.edu,PUBLIC_DATASET,Furman University,US IPEDS
pilot-0173,harvard.edu,Universities,https://harvard.edu,PUBLIC_DATASET,Harvard University,US IPEDS
pilot-0174,hofstra.edu,Universities,https://hofstra.edu,PUBLIC_DATASET,Hofstra University,US IPEDS
pilot-0175,hull.ac.uk,Universities,https://hull.ac.uk,PUBLIC_DATASET,University of Hull,HESA UK
pilot-0176,jhu.edu,Universities,https://jhu.edu,PUBLIC_DATASET,Johns Hopkins University,US IPEDS
pilot-0177,kcl.ac.uk,Universities,https://kcl.ac.uk,PUBLIC_DATASET,King's College London,HESA UK
pilot-0178,lehigh.edu,Universities,https://lehigh.edu,PUBLIC_DATASET,Lehigh University,US IPEDS
pilot-0179,lemoine.edu,Universities,https://lemoine.edu,PUBLIC_DATASET,Le Moyne College,US IPEDS
pilot-0180,nau.edu,Universities,https://nau.edu,PUBLIC_DATASET,Northern Arizona University,US IPEDS
pilot-0181,ncsu.edu,Universities,https://ncsu.edu,PUBLIC_DATASET,NC State University,US IPEDS
pilot-0182,qub.ac.uk,Universities,https://qub.ac.uk,PUBLIC_DATASET,Queen's University Belfast,HESA UK
pilot-0183,reading.ac.uk,Universities,https://reading.ac.uk,PUBLIC_DATASET,University of Reading,HESA UK
pilot-0184,salford.ac.uk,Universities,https://salford.ac.uk,PUBLIC_DATASET,University of Salford,HESA UK
pilot-0185,stjohns.edu,Universities,https://stjohns.edu,PUBLIC_DATASET,St. John's University,US IPEDS
pilot-0186,ua.edu,Universities,https://ua.edu,PUBLIC_DATASET,University of Alabama,US IPEDS
pilot-0187,uci.edu,Universities,https://uci.edu,PUBLIC_DATASET,UC Irvine,US IPEDS
pilot-0188,uel.ac.uk,Universities,https://uel.ac.uk,PUBLIC_DATASET,University of East London,HESA UK
pilot-0189,ufl.edu,Universities,https://ufl.edu,PUBLIC_DATASET,University of Florida,US IPEDS
pilot-0190,uidaho.edu,Universities,https://uidaho.edu,PUBLIC_DATASET,University of Idaho,US IPEDS
pilot-0191,uncg.edu,Universities,https://uncg.edu,PUBLIC_DATASET,UNC Greensboro,US IPEDS
pilot-0192,unf.edu,Universities,https://unf.edu,PUBLIC_DATASET,UNF,US IPEDS
pilot-0193,unlv.edu,Universities,https://unlv.edu,PUBLIC_DATASET,UNLV,US IPEDS
pilot-0194,upenn.edu,Universities,https://upenn.edu,PUBLIC_DATASET,University of Pennsylvania,US IPEDS
pilot-0195,utk.edu,Universities,https://utk.edu,PUBLIC_DATASET,University of Tennessee,US IPEDS
pilot-0196,vanderbilt.edu,Universities,https://vanderbilt.edu,PUBLIC_DATASET,Vanderbilt University,US IPEDS
pilot-0197,virginia.edu,Universities,https://virginia.edu,PUBLIC_DATASET,University of Virginia,US IPEDS
pilot-0198,vmi.edu,Universities,https://vmi.edu,PUBLIC_DATASET,VMI,US IPEDS
pilot-0199,warwick.ac.uk,Universities,https://warwick.ac.uk,PUBLIC_DATASET,University of Warwick,HESA UK
pilot-0200,wlu.edu,Universities,https://wlu.edu,PUBLIC_DATASET,Washington and Lee University,US IPEDS
